-- ════════════════════════════════════════════════════════
-- ARENA 1: Barriga Pochete
-- ════════════════════════════════════════════════════════

-- Ghost Users (19)
INSERT INTO "User" (id, email, name, username, avatar_url, bio, is_ghost_user, "createdAt", "updatedAt")
VALUES (
  'ghost_igor_nascimento',
  'igor_nascimento@outlook.com',
  'Igor Nascimento',
  'igor_nascimento',
  'https://api.dicebear.com/7.x/avataaars/svg?seed=igor_nascimento',
  'Voltando a treinar depois de muito tempo parado.',
  true,
  NOW(),
  NOW()
) ON CONFLICT (id) DO NOTHING;

INSERT INTO "User" (id, email, name, username, avatar_url, bio, is_ghost_user, "createdAt", "updatedAt")
VALUES (
  'ghost_andre_active',
  'andre_active@hotmail.com',
  'André Souza',
  'andre_active',
  'https://api.dicebear.com/7.x/avataaars/svg?seed=andre_active',
  'Começando agora. Objetivo: definir.',
  true,
  NOW(),
  NOW()
) ON CONFLICT (id) DO NOTHING;

INSERT INTO "User" (id, email, name, username, avatar_url, bio, is_ghost_user, "createdAt", "updatedAt")
VALUES (
  'ghost_fernanda16',
  'fernanda16@gmail.com',
  'Fernanda Nascimento',
  'fernanda16',
  'https://api.dicebear.com/7.x/avataaars/svg?seed=fernanda16',
  'Iniciante tentando melhorar condicionamento.',
  true,
  NOW(),
  NOW()
) ON CONFLICT (id) DO NOTHING;

INSERT INTO "User" (id, email, name, username, avatar_url, bio, is_ghost_user, "createdAt", "updatedAt")
VALUES (
  'ghost_priscila96',
  'priscila96@hotmail.com',
  'Priscila Souza',
  'priscila96',
  'https://api.dicebear.com/7.x/avataaars/svg?seed=priscila96',
  'Iniciante tentando ganhar massa muscular.',
  true,
  NOW(),
  NOW()
) ON CONFLICT (id) DO NOTHING;

INSERT INTO "User" (id, email, name, username, avatar_url, bio, is_ghost_user, "createdAt", "updatedAt")
VALUES (
  'ghost_henrique_almeida',
  'henrique_almeida@hotmail.com',
  'Henrique Almeida',
  'henrique_almeida',
  'https://api.dicebear.com/7.x/avataaars/svg?seed=henrique_almeida',
  'Iniciante tentando correr melhor.',
  true,
  NOW(),
  NOW()
) ON CONFLICT (id) DO NOTHING;

INSERT INTO "User" (id, email, name, username, avatar_url, bio, is_ghost_user, "createdAt", "updatedAt")
VALUES (
  'ghost_rafaela22',
  'rafaela22@yahoo.com.br',
  'Rafaela Fernandes',
  'rafaela22',
  'https://api.dicebear.com/7.x/avataaars/svg?seed=rafaela22',
  'Baseio tudo em evidência.',
  true,
  NOW(),
  NOW()
) ON CONFLICT (id) DO NOTHING;

INSERT INTO "User" (id, email, name, username, avatar_url, bio, is_ghost_user, "createdAt", "updatedAt")
VALUES (
  'ghost_marianacastro',
  'marianacastro@hotmail.com',
  'Mariana Castro',
  'marianacastro',
  'https://api.dicebear.com/7.x/avataaars/svg?seed=marianacastro',
  'Começando agora. Objetivo: melhorar condicionamento.',
  true,
  NOW(),
  NOW()
) ON CONFLICT (id) DO NOTHING;

INSERT INTO "User" (id, email, name, username, avatar_url, bio, is_ghost_user, "createdAt", "updatedAt")
VALUES (
  'ghost_andre_saude',
  'andre_saude@yahoo.com.br',
  'André Alves',
  'andre_saude',
  'https://api.dicebear.com/7.x/avataaars/svg?seed=andre_saude',
  'Treino há uns 2 anos. Foco em perder barriga.',
  true,
  NOW(),
  NOW()
) ON CONFLICT (id) DO NOTHING;

INSERT INTO "User" (id, email, name, username, avatar_url, bio, is_ghost_user, "createdAt", "updatedAt")
VALUES (
  'ghost_henrique0',
  'henrique0@yahoo.com.br',
  'Henrique Lima',
  'henrique0',
  'https://api.dicebear.com/7.x/avataaars/svg?seed=henrique0',
  'Intermediário buscando melhorar postura.',
  true,
  NOW(),
  NOW()
) ON CONFLICT (id) DO NOTHING;

INSERT INTO "User" (id, email, name, username, avatar_url, bio, is_ghost_user, "createdAt", "updatedAt")
VALUES (
  'ghost_rodrigo_santos',
  'rodrigo_santos@yahoo.com.br',
  'Rodrigo Santos',
  'rodrigo_santos',
  'https://api.dicebear.com/7.x/avataaars/svg?seed=rodrigo_santos',
  'Apaixonado por treino.',
  true,
  NOW(),
  NOW()
) ON CONFLICT (id) DO NOTHING;

INSERT INTO "User" (id, email, name, username, avatar_url, bio, is_ghost_user, "createdAt", "updatedAt")
VALUES (
  'ghost_fernando_alves',
  'fernando_alves@outlook.com',
  'Fernando Alves',
  'fernando_alves',
  'https://api.dicebear.com/7.x/avataaars/svg?seed=fernando_alves',
  'Começando agora. Objetivo: definir.',
  true,
  NOW(),
  NOW()
) ON CONFLICT (id) DO NOTHING;

INSERT INTO "User" (id, email, name, username, avatar_url, bio, is_ghost_user, "createdAt", "updatedAt")
VALUES (
  'ghost_amandaalves',
  'amandaalves@outlook.com',
  'Amanda Alves',
  'amandaalves',
  'https://api.dicebear.com/7.x/avataaars/svg?seed=amandaalves',
  'Começando agora. Objetivo: definir.',
  true,
  NOW(),
  NOW()
) ON CONFLICT (id) DO NOTHING;

INSERT INTO "User" (id, email, name, username, avatar_url, bio, is_ghost_user, "createdAt", "updatedAt")
VALUES (
  'ghost_luciana_',
  'luciana_@outlook.com',
  'Luciana Rodrigues',
  'luciana_',
  'https://api.dicebear.com/7.x/avataaars/svg?seed=luciana_',
  'Curtindo o processo.',
  true,
  NOW(),
  NOW()
) ON CONFLICT (id) DO NOTHING;

INSERT INTO "User" (id, email, name, username, avatar_url, bio, is_ghost_user, "createdAt", "updatedAt")
VALUES (
  'ghost_carolina_vieira',
  'carolina_vieira@yahoo.com.br',
  'Carolina Vieira',
  'carolina_vieira',
  'https://api.dicebear.com/7.x/avataaars/svg?seed=carolina_vieira',
  'Voltando a treinar depois de muito tempo parado.',
  true,
  NOW(),
  NOW()
) ON CONFLICT (id) DO NOTHING;

INSERT INTO "User" (id, email, name, username, avatar_url, bio, is_ghost_user, "createdAt", "updatedAt")
VALUES (
  'ghost_vitorferreira',
  'vitorferreira@gmail.com',
  'Vitor Ferreira',
  'vitorferreira',
  'https://api.dicebear.com/7.x/avataaars/svg?seed=vitorferreira',
  'Curtindo o processo.',
  true,
  NOW(),
  NOW()
) ON CONFLICT (id) DO NOTHING;

INSERT INTO "User" (id, email, name, username, avatar_url, bio, is_ghost_user, "createdAt", "updatedAt")
VALUES (
  'ghost_henrique_active',
  'henrique_active@yahoo.com.br',
  'Henrique Oliveira',
  'henrique_active',
  'https://api.dicebear.com/7.x/avataaars/svg?seed=henrique_active',
  'Novato, qualquer dica ajuda!',
  true,
  NOW(),
  NOW()
) ON CONFLICT (id) DO NOTHING;

INSERT INTO "User" (id, email, name, username, avatar_url, bio, is_ghost_user, "createdAt", "updatedAt")
VALUES (
  'ghost_carolinalopes',
  'carolinalopes@yahoo.com.br',
  'Carolina Lopes',
  'carolinalopes',
  'https://api.dicebear.com/7.x/avataaars/svg?seed=carolinalopes',
  'Apaixonado por treino.',
  true,
  NOW(),
  NOW()
) ON CONFLICT (id) DO NOTHING;

INSERT INTO "User" (id, email, name, username, avatar_url, bio, is_ghost_user, "createdAt", "updatedAt")
VALUES (
  'ghost_carlos_almeida',
  'carlos_almeida@gmail.com',
  'Carlos Almeida',
  'carlos_almeida',
  'https://api.dicebear.com/7.x/avataaars/svg?seed=carlos_almeida',
  'Voltando a treinar depois de muito tempo parado.',
  true,
  NOW(),
  NOW()
) ON CONFLICT (id) DO NOTHING;

INSERT INTO "User" (id, email, name, username, avatar_url, bio, is_ghost_user, "createdAt", "updatedAt")
VALUES (
  'ghost_priscilaferreira',
  'priscilaferreira@hotmail.com',
  'Priscila Ferreira',
  'priscilaferreira',
  'https://api.dicebear.com/7.x/avataaars/svg?seed=priscilaferreira',
  'Começando agora. Objetivo: voltar a treinar.',
  true,
  NOW(),
  NOW()
) ON CONFLICT (id) DO NOTHING;

-- Threads (5)
INSERT INTO "Post" (id, "arenaId", "userId", content, "isPublished", "createdAt", "updatedAt")
VALUES (
  'post_postura_1',
  'arena_postura',
  'ghost_igor_nascimento',
  'Eu achava que era frescura, mas… exercicio de abdomen resolve

não sou especialista, mas… malhei abdomen por 6 meses direto mas a barriga continua projetada. sera q to fazendo errado ou nao é isso q resolve?',
  true,
  '2026-02-04T10:23:36.736Z'::timestamptz,
  '2026-02-04T10:23:36.736Z'::timestamptz
) ON CONFLICT (id) DO NOTHING;

INSERT INTO "Post" (id, "arenaId", "userId", content, "isPublished", "createdAt", "updatedAt")
VALUES (
  'post_postura_2',
  'arena_postura',
  'ghost_henrique_almeida',
  'Cara, comigo foi assim… ficar muiito tempo sentado piora?

trabalho 8h sentado e sinto q minha barriga fica cada vez mais pra frente. tem relacao ou to viajando?',
  true,
  '2026-02-05T10:23:36.736Z'::timestamptz,
  '2026-02-05T10:23:36.736Z'::timestamptz
) ON CONFLICT (id) DO NOTHING;

INSERT INTO "Post" (id, "arenaId", "userId", content, "isPublished", "createdAt", "updatedAt")
VALUES (
  'post_postura_3',
  'arena_postura',
  'ghost_henrique0',
  'diastase ou anteversao?

como diferenciar? tenho barriga projetada pos-gravidez mas nao sei se é diastase abdominal ou so postura ruim',
  true,
  '2026-02-06T10:23:36.736Z'::timestamptz,
  '2026-02-06T10:23:36.736Z'::timestamptz
) ON CONFLICT (id) DO NOTHING;

INSERT INTO "Post" (id, "arenaId", "userId", content, "isPublished", "createdAt", "updatedAt")
VALUES (
  'post_postura_4',
  'arena_postura',
  'ghost_amandaalves',
  'ficar muito tempo sentado piora?

não sou especialista, mas… trabalho 8h sentado e sinto q minha barriga fica cada vez mais pra frente. tem relacao ou to viajando',
  true,
  '2026-02-07T10:23:36.736Z'::timestamptz,
  '2026-02-07T10:23:36.736Z'::timestamptz
) ON CONFLICT (id) DO NOTHING;

INSERT INTO "Post" (id, "arenaId", "userId", content, "isPublished", "createdAt", "updatedAt")
VALUES (
  'post_postura_5',
  'arena_postura',
  'ghost_vitorferreira',
  'gluteo fraco causa barriga saliente?

li q gluteo fraco deixa a pelve anterior e projeta a barriga. faz sentido? alguem corrigiu treinando glúteo?',
  true,
  '2026-02-08T10:23:36.736Z'::timestamptz,
  '2026-02-08T10:23:36.736Z'::timestamptz
) ON CONFLICT (id) DO NOTHING;

-- Mensagens (19)
INSERT INTO nfc_chat_messages (id, comunidade_slug, post_id, author_id, author_name, content, created_at, updated_at, is_ia)
VALUES (
  'msg_postura_0_0',
  'barriga-pochete-postura',
  'post_postura_1',
  'ghost_andre_active',
  'André Souza',
  'diminui o peso e foca na tecnica primeiro. melhor fazer bem feito do q jogar peso',
  '2026-02-04T10:50:36.736Z'::timestamptz,
  '2026-02-04T10:50:36.736Z'::timestamptz,
  false
) ON CONFLICT (id) DO NOTHING;

INSERT INTO nfc_chat_messages (id, comunidade_slug, post_id, author_id, author_name, content, created_at, updated_at, is_ia)
VALUES (
  'msg_postura_0_1',
  'barriga-pochete-postura',
  'post_postura_1',
  'ghost_fernanda16',
  'Fernanda Nascimento',
  'Eu achava que era frescura, mas… normal isso no começo. depois melhora',
  '2026-02-04T11:13:36.736Z'::timestamptz,
  '2026-02-04T11:13:36.736Z'::timestamptz,
  false
) ON CONFLICT (id) DO NOTHING;

INSERT INTO nfc_chat_messages (id, comunidade_slug, post_id, author_id, author_name, content, created_at, updated_at, is_ia)
VALUES (
  'msg_postura_0_2',
  'barriga-pochete-postura',
  'post_postura_1',
  'ghost_priscila96',
  'Priscila Souza',
  'normal isso no começo. depois melhora',
  '2026-02-04T11:35:36.736Z'::timestamptz,
  '2026-02-04T11:35:36.736Z'::timestamptz,
  false
) ON CONFLICT (id) DO NOTHING;

INSERT INTO nfc_chat_messages (id, comunidade_slug, post_id, author_id, author_name, content, created_at, updated_at, is_ia)
VALUES (
  'msg_postura_1_0',
  'barriga-pochete-postura',
  'post_postura_2',
  'ghost_rafaela22',
  'Rafaela Fernandes',
  'eu tive q mudar 3x o treino ate achar oq funciona pra mim',
  '2026-02-05T10:53:36.736Z'::timestamptz,
  '2026-02-05T10:53:36.736Z'::timestamptz,
  false
) ON CONFLICT (id) DO NOTHING;

INSERT INTO nfc_chat_messages (id, comunidade_slug, post_id, author_id, author_name, content, created_at, updated_at, is_ia)
VALUES (
  'msg_postura_1_1',
  'barriga-pochete-postura',
  'post_postura_2',
  'ghost_marianacastro',
  'Mariana Castro',
  'comigo tb foi assim. levou uns 3 meses pra pegar o jeito',
  '2026-02-05T11:32:36.736Z'::timestamptz,
  '2026-02-05T11:32:36.736Z'::timestamptz,
  false
) ON CONFLICT (id) DO NOTHING;

INSERT INTO nfc_chat_messages (id, comunidade_slug, post_id, author_id, author_name, content, created_at, updated_at, is_ia)
VALUES (
  'msg_postura_1_2',
  'barriga-pochete-postura',
  'post_postura_2',
  'ghost_andre_saude',
  'André Alves',
  'eu tive q mudar 3x o treino ate achar oq funciona pra mim',
  '2026-02-05T12:07:36.736Z'::timestamptz,
  '2026-02-05T12:07:36.736Z'::timestamptz,
  false
) ON CONFLICT (id) DO NOTHING;

INSERT INTO nfc_chat_messages (id, comunidade_slug, post_id, author_id, author_name, content, created_at, updated_at, is_ia)
VALUES (
  'msg_postura_1_3',
  'barriga-pochete-postura',
  'post_postura_2',
  'ia_facilitadora',
  'NutriFit Coach',
  'Excelente ponto. A anteversao pelvica projeta o abdomen mesmo com baixo percentual de gordura. Pergunta para o grupo: alguem ja notou a barriga "sumir" quando ajusta a posicao da pelve em pe?',
  '2026-02-05T12:35:36.736Z'::timestamptz,
  '2026-02-05T12:35:36.736Z'::timestamptz,
  true
) ON CONFLICT (id) DO NOTHING;

INSERT INTO nfc_chat_messages (id, comunidade_slug, post_id, author_id, author_name, content, created_at, updated_at, is_ia)
VALUES (
  'msg_postura_2_0',
  'barriga-pochete-postura',
  'post_postura_3',
  'ghost_rodrigo_santos',
  'Rodrigo Santos',
  'hipertrofia funciona melhor em faixas de 8-12 reps com carga moderada',
  '2026-02-06T10:42:36.736Z'::timestamptz,
  '2026-02-06T10:42:36.736Z'::timestamptz,
  false
) ON CONFLICT (id) DO NOTHING;

INSERT INTO nfc_chat_messages (id, comunidade_slug, post_id, author_id, author_name, content, created_at, updated_at, is_ia)
VALUES (
  'msg_postura_2_1',
  'barriga-pochete-postura',
  'post_postura_3',
  'ghost_fernando_alves',
  'Fernando Alves',
  'hipertrofia funciona melhor em faixas de 8-12 reps com carga moderada',
  '2026-02-06T11:25:36.736Z'::timestamptz,
  '2026-02-06T11:25:36.736Z'::timestamptz,
  false
) ON CONFLICT (id) DO NOTHING;

INSERT INTO nfc_chat_messages (id, comunidade_slug, post_id, author_id, author_name, content, created_at, updated_at, is_ia)
VALUES (
  'msg_postura_2_2',
  'barriga-pochete-postura',
  'post_postura_3',
  'ghost_fernando_alves',
  'Fernando Alves',
  'No meu caso… cara ja passei por isso tb... é frustrante demais mas nao desiste',
  '2026-02-06T11:55:36.736Z'::timestamptz,
  '2026-02-06T11:55:36.736Z'::timestamptz,
  false
) ON CONFLICT (id) DO NOTHING;

INSERT INTO nfc_chat_messages (id, comunidade_slug, post_id, author_id, author_name, content, created_at, updated_at, is_ia)
VALUES (
  'msg_postura_2_3',
  'barriga-pochete-postura',
  'post_postura_3',
  'ia_facilitadora',
  'NutriFit Coach',
  'Excelente ponto. A anteversao pelvica projeta o abdomen mesmo com baixo percentual de gordura. Pergunta para o grupo: alguem ja notou a barriga "sumir" quando ajusta a posicao da pelve em pe?',
  '2026-02-06T12:05:36.736Z'::timestamptz,
  '2026-02-06T12:05:36.736Z'::timestamptz,
  true
) ON CONFLICT (id) DO NOTHING;

INSERT INTO nfc_chat_messages (id, comunidade_slug, post_id, author_id, author_name, content, created_at, updated_at, is_ia)
VALUES (
  'msg_postura_3_0',
  'barriga-pochete-postura',
  'post_postura_4',
  'ghost_luciana_',
  'Luciana Rodrigues',
  'experimenta treinar em jejum. pra mim fez diferenca',
  '2026-02-07T11:00:36.736Z'::timestamptz,
  '2026-02-07T11:00:36.736Z'::timestamptz,
  false
) ON CONFLICT (id) DO NOTHING;

INSERT INTO nfc_chat_messages (id, comunidade_slug, post_id, author_id, author_name, content, created_at, updated_at, is_ia)
VALUES (
  'msg_postura_3_1',
  'barriga-pochete-postura',
  'post_postura_4',
  'ghost_henrique_almeida',
  'Henrique Almeida',
  'Cara, comigo foi assim… cara ja passei por isso tb... é frustrante demais mas nao desiste',
  '2026-02-07T11:20:36.736Z'::timestamptz,
  '2026-02-07T11:20:36.736Z'::timestamptz,
  false
) ON CONFLICT (id) DO NOTHING;

INSERT INTO nfc_chat_messages (id, comunidade_slug, post_id, author_id, author_name, content, created_at, updated_at, is_ia)
VALUES (
  'msg_postura_3_2',
  'barriga-pochete-postura',
  'post_postura_4',
  'ghost_carolina_vieira',
  'Carolina Vieira',
  'Eu achava que era frescura, mas… eu fazia assim tb e não dava resultado. mudei pra X e melhorou',
  '2026-02-07T11:29:36.736Z'::timestamptz,
  '2026-02-07T11:29:36.736Z'::timestamptz,
  false
) ON CONFLICT (id) DO NOTHING;

INSERT INTO nfc_chat_messages (id, comunidade_slug, post_id, author_id, author_name, content, created_at, updated_at, is_ia)
VALUES (
  'msg_postura_4_0',
  'barriga-pochete-postura',
  'post_postura_5',
  'ghost_henrique_active',
  'Henrique Oliveira',
  'diminui o peso e foca na tecnica primeiro. melhor fazer bem feito do q jogar peso',
  '2026-02-08T11:04:36.736Z'::timestamptz,
  '2026-02-08T11:04:36.736Z'::timestamptz,
  false
) ON CONFLICT (id) DO NOTHING;

INSERT INTO nfc_chat_messages (id, comunidade_slug, post_id, author_id, author_name, content, created_at, updated_at, is_ia)
VALUES (
  'msg_postura_4_1',
  'barriga-pochete-postura',
  'post_postura_5',
  'ghost_carolinalopes',
  'Carolina Lopes',
  'deficit calorico é oq importa no final. pode comer carbo a noite sim',
  '2026-02-08T11:46:36.736Z'::timestamptz,
  '2026-02-08T11:46:36.736Z'::timestamptz,
  false
) ON CONFLICT (id) DO NOTHING;

INSERT INTO nfc_chat_messages (id, comunidade_slug, post_id, author_id, author_name, content, created_at, updated_at, is_ia)
VALUES (
  'msg_postura_4_2',
  'barriga-pochete-postura',
  'post_postura_5',
  'ghost_andre_saude',
  'André Alves',
  'no meu caso demorou uns 2 meses pra ver resultado... paciencia',
  '2026-02-08T12:26:36.736Z'::timestamptz,
  '2026-02-08T12:26:36.736Z'::timestamptz,
  false
) ON CONFLICT (id) DO NOTHING;

INSERT INTO nfc_chat_messages (id, comunidade_slug, post_id, author_id, author_name, content, created_at, updated_at, is_ia)
VALUES (
  'msg_postura_4_3',
  'barriga-pochete-postura',
  'post_postura_5',
  'ghost_carlos_almeida',
  'Carlos Almeida',
  'No meu caso… cara ja passei por isso tb... é frustrante demais mas nao desiste',
  '2026-02-08T12:53:36.736Z'::timestamptz,
  '2026-02-08T12:53:36.736Z'::timestamptz,
  false
) ON CONFLICT (id) DO NOTHING;

INSERT INTO nfc_chat_messages (id, comunidade_slug, post_id, author_id, author_name, content, created_at, updated_at, is_ia)
VALUES (
  'msg_postura_4_4',
  'barriga-pochete-postura',
  'post_postura_5',
  'ghost_priscilaferreira',
  'Priscila Ferreira',
  'No meu caso… proteina: 1.6-2.2g/kg. mais q isso não agrega. estudos mostram',
  '2026-02-08T13:02:36.736Z'::timestamptz,
  '2026-02-08T13:02:36.736Z'::timestamptz,
  false
) ON CONFLICT (id) DO NOTHING;

-- ✅ Arena 1 importada!
