-- ════════════════════════════════════════════════════════
-- ARENA 3: Hipercifose Drenagem
-- ════════════════════════════════════════════════════════

-- Ghost Users (24)
INSERT INTO "User" (id, email, name, username, avatar_url, bio, is_ghost_user, "createdAt", "updatedAt")
VALUES (
  'ghost_jessica19',
  'jessica19@hotmail.com',
  'Jessica Barbosa',
  'jessica19',
  'https://api.dicebear.com/7.x/avataaars/svg?seed=jessica19',
  'Iniciante tentando melhorar postura.',
  true,
  NOW(),
  NOW()
) ON CONFLICT (id) DO NOTHING;

INSERT INTO "User" (id, email, name, username, avatar_url, bio, is_ghost_user, "createdAt", "updatedAt")
VALUES (
  'ghost_priscilaferreira',
  'priscilaferreira@hotmail.com',
  'Priscila Ferreira',
  'priscilaferreira',
  'https://api.dicebear.com/7.x/avataaars/svg?seed=priscilaferreira',
  'Começando agora. Objetivo: voltar a treinar.',
  true,
  NOW(),
  NOW()
) ON CONFLICT (id) DO NOTHING;

INSERT INTO "User" (id, email, name, username, avatar_url, bio, is_ghost_user, "createdAt", "updatedAt")
VALUES (
  'ghost_caio_run',
  'caio_run@yahoo.com.br',
  'Caio Dias',
  'caio_run',
  'https://api.dicebear.com/7.x/avataaars/svg?seed=caio_run',
  'Treino regular, ainda aprendendo.',
  true,
  NOW(),
  NOW()
) ON CONFLICT (id) DO NOTHING;

INSERT INTO "User" (id, email, name, username, avatar_url, bio, is_ghost_user, "createdAt", "updatedAt")
VALUES (
  'ghost_rafael_soares',
  'rafael_soares@yahoo.com.br',
  'Rafael Soares',
  'rafael_soares',
  'https://api.dicebear.com/7.x/avataaars/svg?seed=rafael_soares',
  'Novato, qualquer dica ajuda!',
  true,
  NOW(),
  NOW()
) ON CONFLICT (id) DO NOTHING;

INSERT INTO "User" (id, email, name, username, avatar_url, bio, is_ghost_user, "createdAt", "updatedAt")
VALUES (
  'ghost_igor_nascimento',
  'igor_nascimento@outlook.com',
  'Igor Nascimento',
  'igor_nascimento',
  'https://api.dicebear.com/7.x/avataaars/svg?seed=igor_nascimento',
  'Voltando a treinar depois de muito tempo parado.',
  true,
  NOW(),
  NOW()
) ON CONFLICT (id) DO NOTHING;

INSERT INTO "User" (id, email, name, username, avatar_url, bio, is_ghost_user, "createdAt", "updatedAt")
VALUES (
  'ghost_caiolopes',
  'caiolopes@hotmail.com',
  'Caio Lopes',
  'caiolopes',
  'https://api.dicebear.com/7.x/avataaars/svg?seed=caiolopes',
  'Voltando a treinar depois de muito tempo parado.',
  true,
  NOW(),
  NOW()
) ON CONFLICT (id) DO NOTHING;

INSERT INTO "User" (id, email, name, username, avatar_url, bio, is_ghost_user, "createdAt", "updatedAt")
VALUES (
  'ghost_leandro_',
  'leandro_@yahoo.com.br',
  'Leandro Costa',
  'leandro_',
  'https://api.dicebear.com/7.x/avataaars/svg?seed=leandro_',
  'Baseio tudo em evidência.',
  true,
  NOW(),
  NOW()
) ON CONFLICT (id) DO NOTHING;

INSERT INTO "User" (id, email, name, username, avatar_url, bio, is_ghost_user, "createdAt", "updatedAt")
VALUES (
  'ghost_matheus93',
  'matheus93@hotmail.com',
  'Matheus Carvalho',
  'matheus93',
  'https://api.dicebear.com/7.x/avataaars/svg?seed=matheus93',
  'Novato, qualquer dica ajuda!',
  true,
  NOW(),
  NOW()
) ON CONFLICT (id) DO NOTHING;

INSERT INTO "User" (id, email, name, username, avatar_url, bio, is_ghost_user, "createdAt", "updatedAt")
VALUES (
  'ghost_priscila41',
  'priscila41@gmail.com',
  'Priscila Barbosa',
  'priscila41',
  'https://api.dicebear.com/7.x/avataaars/svg?seed=priscila41',
  'Intermediário buscando melhorar condicionamento.',
  true,
  NOW(),
  NOW()
) ON CONFLICT (id) DO NOTHING;

INSERT INTO "User" (id, email, name, username, avatar_url, bio, is_ghost_user, "createdAt", "updatedAt")
VALUES (
  'ghost_carolina_vieira',
  'carolina_vieira@yahoo.com.br',
  'Carolina Vieira',
  'carolina_vieira',
  'https://api.dicebear.com/7.x/avataaars/svg?seed=carolina_vieira',
  'Voltando a treinar depois de muito tempo parado.',
  true,
  NOW(),
  NOW()
) ON CONFLICT (id) DO NOTHING;

INSERT INTO "User" (id, email, name, username, avatar_url, bio, is_ghost_user, "createdAt", "updatedAt")
VALUES (
  'ghost_amanda_rodrigues',
  'amanda_rodrigues@hotmail.com',
  'Amanda Rodrigues',
  'amanda_rodrigues',
  'https://api.dicebear.com/7.x/avataaars/svg?seed=amanda_rodrigues',
  'Novato, qualquer dica ajuda!',
  true,
  NOW(),
  NOW()
) ON CONFLICT (id) DO NOTHING;

INSERT INTO "User" (id, email, name, username, avatar_url, bio, is_ghost_user, "createdAt", "updatedAt")
VALUES (
  'ghost_priscila_fernandes',
  'priscila_fernandes@hotmail.com',
  'Priscila Fernandes',
  'priscila_fernandes',
  'https://api.dicebear.com/7.x/avataaars/svg?seed=priscila_fernandes',
  'Iniciante tentando melhorar postura.',
  true,
  NOW(),
  NOW()
) ON CONFLICT (id) DO NOTHING;

INSERT INTO "User" (id, email, name, username, avatar_url, bio, is_ghost_user, "createdAt", "updatedAt")
VALUES (
  'ghost_henrique0',
  'henrique0@yahoo.com.br',
  'Henrique Lima',
  'henrique0',
  'https://api.dicebear.com/7.x/avataaars/svg?seed=henrique0',
  'Intermediário buscando melhorar postura.',
  true,
  NOW(),
  NOW()
) ON CONFLICT (id) DO NOTHING;

INSERT INTO "User" (id, email, name, username, avatar_url, bio, is_ghost_user, "createdAt", "updatedAt")
VALUES (
  'ghost_luciana_',
  'luciana_@outlook.com',
  'Luciana Rodrigues',
  'luciana_',
  'https://api.dicebear.com/7.x/avataaars/svg?seed=luciana_',
  'Curtindo o processo.',
  true,
  NOW(),
  NOW()
) ON CONFLICT (id) DO NOTHING;

INSERT INTO "User" (id, email, name, username, avatar_url, bio, is_ghost_user, "createdAt", "updatedAt")
VALUES (
  'ghost_amanda70',
  'amanda70@gmail.com',
  'Amanda Ferreira',
  'amanda70',
  'https://api.dicebear.com/7.x/avataaars/svg?seed=amanda70',
  'Voltando a treinar depois de muito tempo parado.',
  true,
  NOW(),
  NOW()
) ON CONFLICT (id) DO NOTHING;

INSERT INTO "User" (id, email, name, username, avatar_url, bio, is_ghost_user, "createdAt", "updatedAt")
VALUES (
  'ghost_fernando_alves',
  'fernando_alves@outlook.com',
  'Fernando Alves',
  'fernando_alves',
  'https://api.dicebear.com/7.x/avataaars/svg?seed=fernando_alves',
  'Começando agora. Objetivo: definir.',
  true,
  NOW(),
  NOW()
) ON CONFLICT (id) DO NOTHING;

INSERT INTO "User" (id, email, name, username, avatar_url, bio, is_ghost_user, "createdAt", "updatedAt")
VALUES (
  'ghost_henrique_almeida',
  'henrique_almeida@hotmail.com',
  'Henrique Almeida',
  'henrique_almeida',
  'https://api.dicebear.com/7.x/avataaars/svg?seed=henrique_almeida',
  'Iniciante tentando correr melhor.',
  true,
  NOW(),
  NOW()
) ON CONFLICT (id) DO NOTHING;

INSERT INTO "User" (id, email, name, username, avatar_url, bio, is_ghost_user, "createdAt", "updatedAt")
VALUES (
  'ghost_fernanda_soares',
  'fernanda_soares@hotmail.com',
  'Fernanda Soares',
  'fernanda_soares',
  'https://api.dicebear.com/7.x/avataaars/svg?seed=fernanda_soares',
  'Voltando a treinar depois de muito tempo parado.',
  true,
  NOW(),
  NOW()
) ON CONFLICT (id) DO NOTHING;

INSERT INTO "User" (id, email, name, username, avatar_url, bio, is_ghost_user, "createdAt", "updatedAt")
VALUES (
  'ghost_anaribeiro',
  'anaribeiro@hotmail.com',
  'Ana Ribeiro',
  'anaribeiro',
  'https://api.dicebear.com/7.x/avataaars/svg?seed=anaribeiro',
  'Baseio tudo em evidência.',
  true,
  NOW(),
  NOW()
) ON CONFLICT (id) DO NOTHING;

INSERT INTO "User" (id, email, name, username, avatar_url, bio, is_ghost_user, "createdAt", "updatedAt")
VALUES (
  'ghost_gabriela_rodrigues',
  'gabriela_rodrigues@hotmail.com',
  'Gabriela Rodrigues',
  'gabriela_rodrigues',
  'https://api.dicebear.com/7.x/avataaars/svg?seed=gabriela_rodrigues',
  'Novato, qualquer dica ajuda!',
  true,
  NOW(),
  NOW()
) ON CONFLICT (id) DO NOTHING;

INSERT INTO "User" (id, email, name, username, avatar_url, bio, is_ghost_user, "createdAt", "updatedAt")
VALUES (
  'ghost_amandaalves',
  'amandaalves@outlook.com',
  'Amanda Alves',
  'amandaalves',
  'https://api.dicebear.com/7.x/avataaars/svg?seed=amandaalves',
  'Começando agora. Objetivo: definir.',
  true,
  NOW(),
  NOW()
) ON CONFLICT (id) DO NOTHING;

INSERT INTO "User" (id, email, name, username, avatar_url, bio, is_ghost_user, "createdAt", "updatedAt")
VALUES (
  'ghost_vanessabarbosa',
  'vanessabarbosa@yahoo.com.br',
  'Vanessa Barbosa',
  'vanessabarbosa',
  'https://api.dicebear.com/7.x/avataaars/svg?seed=vanessabarbosa',
  'Novato, qualquer dica ajuda!',
  true,
  NOW(),
  NOW()
) ON CONFLICT (id) DO NOTHING;

INSERT INTO "User" (id, email, name, username, avatar_url, bio, is_ghost_user, "createdAt", "updatedAt")
VALUES (
  'ghost_gabrielcastro',
  'gabrielcastro@outlook.com',
  'Gabriel Castro',
  'gabrielcastro',
  'https://api.dicebear.com/7.x/avataaars/svg?seed=gabrielcastro',
  'Começando agora. Objetivo: aumentar força.',
  true,
  NOW(),
  NOW()
) ON CONFLICT (id) DO NOTHING;

INSERT INTO "User" (id, email, name, username, avatar_url, bio, is_ghost_user, "createdAt", "updatedAt")
VALUES (
  'ghost_bruno_dias',
  'bruno_dias@gmail.com',
  'Bruno Dias',
  'bruno_dias',
  'https://api.dicebear.com/7.x/avataaars/svg?seed=bruno_dias',
  'Treino regular, ainda aprendendo.',
  true,
  NOW(),
  NOW()
) ON CONFLICT (id) DO NOTHING;

-- Threads (5)
INSERT INTO "Post" (id, "arenaId", "userId", content, "isPublished", "createdAt", "updatedAt")
VALUES (
  'post_hipercifose_1',
  'arena_hipercifose',
  'ghost_jessica19',
  'Cara, comigo foi assim… que exercicio melhora postura curvada

minhas costas são super curvadas e isso me incomoda muito. tem algum exercício que ajuda? musculação ou pilates?',
  true,
  '2026-02-04T10:23:36.743Z'::timestamptz,
  '2026-02-04T10:23:36.743Z'::timestamptz
) ON CONFLICT (id) DO NOTHING;

INSERT INTO "Post" (id, "arenaId", "userId", content, "isPublished", "createdAt", "updatedAt")
VALUES (
  'post_hipercifose_2',
  'arena_hipercifose',
  'ghost_priscila41',
  'diferenca entre postura ruim e hipercifose

todo mundo curvado tem hipercifose ou é só má postura? onde tá a linha divisória entre uma coisa e outra',
  true,
  '2026-02-05T10:23:36.743Z'::timestamptz,
  '2026-02-05T10:23:36.743Z'::timestamptz
) ON CONFLICT (id) DO NOTHING;

INSERT INTO "Post" (id, "arenaId", "userId", content, "isPublished", "createdAt", "updatedAt")
VALUES (
  'post_hipercifose_3',
  'arena_hipercifose',
  'ghost_luciana_',
  'quando corrigi a postura pernas desincharam

comecei a trabalhar postura com fisio e percebi que minhas pernas desincharam muito. nao mudei mais nada, só corrigi a curvatura das costas',
  true,
  '2026-02-06T10:23:36.743Z'::timestamptz,
  '2026-02-06T10:23:36.743Z'::timestamptz
) ON CONFLICT (id) DO NOTHING;

INSERT INTO "Post" (id, "arenaId", "userId", content, "isPublished", "createdAt", "updatedAt")
VALUES (
  'post_hipercifose_4',
  'arena_hipercifose',
  'ghost_leandro_',
  'hipercifose tem tratamento ou so controle?

vejo muita gente falando de "corrigir" hipercifose mas será que corrige mesmo ou só controla? qual a real?',
  true,
  '2026-02-07T10:23:36.743Z'::timestamptz,
  '2026-02-07T10:23:36.743Z'::timestamptz
) ON CONFLICT (id) DO NOTHING;

INSERT INTO "Post" (id, "arenaId", "userId", content, "isPublished", "createdAt", "updatedAt")
VALUES (
  'post_hipercifose_5',
  'arena_hipercifose',
  'ghost_anaribeiro',
  'hipercifose tem tratamento ou so controle?

vejo muita gente falando de "corrigir" hipercifose mas será que corrige mesmo ou só controla? qual a real?',
  true,
  '2026-02-08T10:23:36.743Z'::timestamptz,
  '2026-02-08T10:23:36.743Z'::timestamptz
) ON CONFLICT (id) DO NOTHING;

-- Mensagens (29)
INSERT INTO nfc_chat_messages (id, comunidade_slug, post_id, author_id, author_name, content, created_at, updated_at, is_ia)
VALUES (
  'msg_hipercifose_0_0',
  'hipercifose-drenagem',
  'post_hipercifose_1',
  'ghost_priscilaferreira',
  'Priscila Ferreira',
  'normal isso no começo. depois melhora',
  '2026-02-04T10:38:36.743Z'::timestamptz,
  '2026-02-04T10:38:36.743Z'::timestamptz,
  false
) ON CONFLICT (id) DO NOTHING;

INSERT INTO nfc_chat_messages (id, comunidade_slug, post_id, author_id, author_name, content, created_at, updated_at, is_ia)
VALUES (
  'msg_hipercifose_0_1',
  'hipercifose-drenagem',
  'post_hipercifose_1',
  'ghost_caio_run',
  'Caio Dias',
  'eu fazia assim tb e não dava resultado. mudei pra X e melhorou',
  '2026-02-04T10:58:36.743Z'::timestamptz,
  '2026-02-04T10:58:36.743Z'::timestamptz,
  false
) ON CONFLICT (id) DO NOTHING;

INSERT INTO nfc_chat_messages (id, comunidade_slug, post_id, author_id, author_name, content, created_at, updated_at, is_ia)
VALUES (
  'msg_hipercifose_0_2',
  'hipercifose-drenagem',
  'post_hipercifose_1',
  'ghost_rafael_soares',
  'Rafael Soares',
  'No meu caso… tenta aumentar a proteina pra 1.6-2g por kg. comigo funcionou',
  '2026-02-04T11:43:36.743Z'::timestamptz,
  '2026-02-04T11:43:36.743Z'::timestamptz,
  false
) ON CONFLICT (id) DO NOTHING;

INSERT INTO nfc_chat_messages (id, comunidade_slug, post_id, author_id, author_name, content, created_at, updated_at, is_ia)
VALUES (
  'msg_hipercifose_0_3',
  'hipercifose-drenagem',
  'post_hipercifose_1',
  'ghost_igor_nascimento',
  'Igor Nascimento',
  'não sou especialista, mas… tenta aumentar a proteina pra 1.6-2g por kg. comigo funcionou',
  '2026-02-04T12:13:36.743Z'::timestamptz,
  '2026-02-04T12:13:36.743Z'::timestamptz,
  false
) ON CONFLICT (id) DO NOTHING;

INSERT INTO nfc_chat_messages (id, comunidade_slug, post_id, author_id, author_name, content, created_at, updated_at, is_ia)
VALUES (
  'msg_hipercifose_0_4',
  'hipercifose-drenagem',
  'post_hipercifose_1',
  'ghost_caiolopes',
  'Caio Lopes',
  'Não sou especialista, mas… to na mesma situacao q vc. vamos junto!',
  '2026-02-04T12:23:36.743Z'::timestamptz,
  '2026-02-04T12:23:36.743Z'::timestamptz,
  false
) ON CONFLICT (id) DO NOTHING;

INSERT INTO nfc_chat_messages (id, comunidade_slug, post_id, author_id, author_name, content, created_at, updated_at, is_ia)
VALUES (
  'msg_hipercifose_0_5',
  'hipercifose-drenagem',
  'post_hipercifose_1',
  'ghost_leandro_',
  'Leandro Costa',
  'eu fazia assim tb e não dava resultado. mudei pra X e melhorou',
  '2026-02-04T12:32:36.743Z'::timestamptz,
  '2026-02-04T12:32:36.743Z'::timestamptz,
  false
) ON CONFLICT (id) DO NOTHING;

INSERT INTO nfc_chat_messages (id, comunidade_slug, post_id, author_id, author_name, content, created_at, updated_at, is_ia)
VALUES (
  'msg_hipercifose_0_6',
  'hipercifose-drenagem',
  'post_hipercifose_1',
  'ghost_matheus93',
  'Matheus Carvalho',
  'Cara, comigo foi assim… to na mesma situacao q vc. vamos junto!',
  '2026-02-04T12:54:36.743Z'::timestamptz,
  '2026-02-04T12:54:36.743Z'::timestamptz,
  false
) ON CONFLICT (id) DO NOTHING;

INSERT INTO nfc_chat_messages (id, comunidade_slug, post_id, author_id, author_name, content, created_at, updated_at, is_ia)
VALUES (
  'msg_hipercifose_0_7',
  'hipercifose-drenagem',
  'post_hipercifose_1',
  'ia_facilitadora',
  'NutriFit Coach',
  'Já passei por isso… Concordo. Yoga e pilates trabalham mobilidade toracica, o que libera a respiracao e consequentemente melhora circulacao. Quem aqui ja testou ambos? Qual preferem?',
  '2026-02-04T13:09:36.743Z'::timestamptz,
  '2026-02-04T13:09:36.743Z'::timestamptz,
  true
) ON CONFLICT (id) DO NOTHING;

INSERT INTO nfc_chat_messages (id, comunidade_slug, post_id, author_id, author_name, content, created_at, updated_at, is_ia)
VALUES (
  'msg_hipercifose_1_0',
  'hipercifose-drenagem',
  'post_hipercifose_2',
  'ghost_carolina_vieira',
  'Carolina Vieira',
  'Já passei por isso… normal isso no começo. depois melhora',
  '2026-02-05T10:46:36.743Z'::timestamptz,
  '2026-02-05T10:46:36.743Z'::timestamptz,
  false
) ON CONFLICT (id) DO NOTHING;

INSERT INTO nfc_chat_messages (id, comunidade_slug, post_id, author_id, author_name, content, created_at, updated_at, is_ia)
VALUES (
  'msg_hipercifose_1_1',
  'hipercifose-drenagem',
  'post_hipercifose_2',
  'ghost_amanda_rodrigues',
  'Amanda Rodrigues',
  'eu fazia assim tb e não dava resultado. mudei pra X e melhorou',
  '2026-02-05T11:08:36.743Z'::timestamptz,
  '2026-02-05T11:08:36.743Z'::timestamptz,
  false
) ON CONFLICT (id) DO NOTHING;

INSERT INTO nfc_chat_messages (id, comunidade_slug, post_id, author_id, author_name, content, created_at, updated_at, is_ia)
VALUES (
  'msg_hipercifose_1_2',
  'hipercifose-drenagem',
  'post_hipercifose_2',
  'ghost_priscila_fernandes',
  'Priscila Fernandes',
  'tenta aumentar a proteina pra 1.6-2g por kg. comigo funcionou',
  '2026-02-05T11:44:36.743Z'::timestamptz,
  '2026-02-05T11:44:36.743Z'::timestamptz,
  false
) ON CONFLICT (id) DO NOTHING;

INSERT INTO nfc_chat_messages (id, comunidade_slug, post_id, author_id, author_name, content, created_at, updated_at, is_ia)
VALUES (
  'msg_hipercifose_1_3',
  'hipercifose-drenagem',
  'post_hipercifose_2',
  'ghost_henrique0',
  'Henrique Lima',
  'diminui o peso e foca na tecnica primeiro. melhor fazer bem feito do q jogar peso',
  '2026-02-05T12:19:36.743Z'::timestamptz,
  '2026-02-05T12:19:36.743Z'::timestamptz,
  false
) ON CONFLICT (id) DO NOTHING;

INSERT INTO nfc_chat_messages (id, comunidade_slug, post_id, author_id, author_name, content, created_at, updated_at, is_ia)
VALUES (
  'msg_hipercifose_1_4',
  'hipercifose-drenagem',
  'post_hipercifose_2',
  'ghost_caio_run',
  'Caio Dias',
  'no meu caso demorou uns 2 meses pra ver resultado... paciencia',
  '2026-02-05T12:33:36.743Z'::timestamptz,
  '2026-02-05T12:33:36.743Z'::timestamptz,
  false
) ON CONFLICT (id) DO NOTHING;

INSERT INTO nfc_chat_messages (id, comunidade_slug, post_id, author_id, author_name, content, created_at, updated_at, is_ia)
VALUES (
  'msg_hipercifose_2_0',
  'hipercifose-drenagem',
  'post_hipercifose_3',
  'ghost_amanda70',
  'Amanda Ferreira',
  'to na mesma situacao q vc. vamos junto!',
  '2026-02-06T11:03:36.743Z'::timestamptz,
  '2026-02-06T11:03:36.743Z'::timestamptz,
  false
) ON CONFLICT (id) DO NOTHING;

INSERT INTO nfc_chat_messages (id, comunidade_slug, post_id, author_id, author_name, content, created_at, updated_at, is_ia)
VALUES (
  'msg_hipercifose_2_1',
  'hipercifose-drenagem',
  'post_hipercifose_3',
  'ghost_caio_run',
  'Caio Dias',
  'acho q depende muito da pessoa... nao da pra generalizar',
  '2026-02-06T11:48:36.743Z'::timestamptz,
  '2026-02-06T11:48:36.743Z'::timestamptz,
  false
) ON CONFLICT (id) DO NOTHING;

INSERT INTO nfc_chat_messages (id, comunidade_slug, post_id, author_id, author_name, content, created_at, updated_at, is_ia)
VALUES (
  'msg_hipercifose_2_2',
  'hipercifose-drenagem',
  'post_hipercifose_3',
  'ghost_fernando_alves',
  'Fernando Alves',
  'Não sou especialista, mas… normal isso no começo. depois melhora',
  '2026-02-06T12:08:36.743Z'::timestamptz,
  '2026-02-06T12:08:36.743Z'::timestamptz,
  false
) ON CONFLICT (id) DO NOTHING;

INSERT INTO nfc_chat_messages (id, comunidade_slug, post_id, author_id, author_name, content, created_at, updated_at, is_ia)
VALUES (
  'msg_hipercifose_3_0',
  'hipercifose-drenagem',
  'post_hipercifose_4',
  'ghost_henrique_almeida',
  'Henrique Almeida',
  'experimenta treinar em jejum. pra mim fez diferenca',
  '2026-02-07T10:49:36.743Z'::timestamptz,
  '2026-02-07T10:49:36.743Z'::timestamptz,
  false
) ON CONFLICT (id) DO NOTHING;

INSERT INTO nfc_chat_messages (id, comunidade_slug, post_id, author_id, author_name, content, created_at, updated_at, is_ia)
VALUES (
  'msg_hipercifose_3_1',
  'hipercifose-drenagem',
  'post_hipercifose_4',
  'ghost_fernanda_soares',
  'Fernanda Soares',
  'essa crença de metabolismo lento é mito... CICO funciona pra todo mundo',
  '2026-02-07T11:26:36.743Z'::timestamptz,
  '2026-02-07T11:26:36.743Z'::timestamptz,
  false
) ON CONFLICT (id) DO NOTHING;

INSERT INTO nfc_chat_messages (id, comunidade_slug, post_id, author_id, author_name, content, created_at, updated_at, is_ia)
VALUES (
  'msg_hipercifose_3_2',
  'hipercifose-drenagem',
  'post_hipercifose_4',
  'ghost_anaribeiro',
  'Ana Ribeiro',
  'deficit calorico é oq importa no final. pode comer carbo a noite sim',
  '2026-02-07T11:45:36.743Z'::timestamptz,
  '2026-02-07T11:45:36.743Z'::timestamptz,
  false
) ON CONFLICT (id) DO NOTHING;

INSERT INTO nfc_chat_messages (id, comunidade_slug, post_id, author_id, author_name, content, created_at, updated_at, is_ia)
VALUES (
  'msg_hipercifose_3_3',
  'hipercifose-drenagem',
  'post_hipercifose_4',
  'ghost_gabriela_rodrigues',
  'Gabriela Rodrigues',
  'nao sou especialista, mas… diminui o peso e foca na tecnica primeiro. melhor fazer bem feito do q jogar peso',
  '2026-02-07T12:21:36.743Z'::timestamptz,
  '2026-02-07T12:21:36.743Z'::timestamptz,
  false
) ON CONFLICT (id) DO NOTHING;

INSERT INTO nfc_chat_messages (id, comunidade_slug, post_id, author_id, author_name, content, created_at, updated_at, is_ia)
VALUES (
  'msg_hipercifose_3_4',
  'hipercifose-drenagem',
  'post_hipercifose_4',
  'ghost_amandaalves',
  'Amanda Alves',
  'No meu caso… deficit calorico é oq importa no final. pode comer carbo a noite sim',
  '2026-02-07T12:57:36.743Z'::timestamptz,
  '2026-02-07T12:57:36.743Z'::timestamptz,
  false
) ON CONFLICT (id) DO NOTHING;

INSERT INTO nfc_chat_messages (id, comunidade_slug, post_id, author_id, author_name, content, created_at, updated_at, is_ia)
VALUES (
  'msg_hipercifose_3_5',
  'hipercifose-drenagem',
  'post_hipercifose_4',
  'ghost_henrique0',
  'Henrique Lima',
  'acho q depende muito da pessoa. nao da pra generalizar',
  '2026-02-07T13:02:36.743Z'::timestamptz,
  '2026-02-07T13:02:36.743Z'::timestamptz,
  false
) ON CONFLICT (id) DO NOTHING;

INSERT INTO nfc_chat_messages (id, comunidade_slug, post_id, author_id, author_name, content, created_at, updated_at, is_ia)
VALUES (
  'msg_hipercifose_3_6',
  'hipercifose-drenagem',
  'post_hipercifose_4',
  'ghost_amanda70',
  'Amanda Ferreira',
  'não sou especialista, mas… essa crença de metabolismo lento é mito... CICO funciona pra todo mundo',
  '2026-02-07T13:31:36.743Z'::timestamptz,
  '2026-02-07T13:31:36.743Z'::timestamptz,
  false
) ON CONFLICT (id) DO NOTHING;

INSERT INTO nfc_chat_messages (id, comunidade_slug, post_id, author_id, author_name, content, created_at, updated_at, is_ia)
VALUES (
  'msg_hipercifose_4_0',
  'hipercifose-drenagem',
  'post_hipercifose_5',
  'ghost_priscila_fernandes',
  'Priscila Fernandes',
  'nao sou especialista, mas… hipertrofia funciona melhor em faixas de 8-12 reps com carga moderada',
  '2026-02-08T10:45:36.743Z'::timestamptz,
  '2026-02-08T10:45:36.743Z'::timestamptz,
  false
) ON CONFLICT (id) DO NOTHING;

INSERT INTO nfc_chat_messages (id, comunidade_slug, post_id, author_id, author_name, content, created_at, updated_at, is_ia)
VALUES (
  'msg_hipercifose_4_1',
  'hipercifose-drenagem',
  'post_hipercifose_5',
  'ghost_vanessabarbosa',
  'Vanessa Barbosa',
  'hipertrofia funciona melhor em faixas de 8-12 reps com carga moderada',
  '2026-02-08T11:10:36.743Z'::timestamptz,
  '2026-02-08T11:10:36.743Z'::timestamptz,
  false
) ON CONFLICT (id) DO NOTHING;

INSERT INTO nfc_chat_messages (id, comunidade_slug, post_id, author_id, author_name, content, created_at, updated_at, is_ia)
VALUES (
  'msg_hipercifose_4_2',
  'hipercifose-drenagem',
  'post_hipercifose_5',
  'ghost_leandro_',
  'Leandro Costa',
  'tenta aumentar a proteina pra 1.6-2g por kg... comigo funcionou',
  '2026-02-08T11:32:36.743Z'::timestamptz,
  '2026-02-08T11:32:36.743Z'::timestamptz,
  false
) ON CONFLICT (id) DO NOTHING;

INSERT INTO nfc_chat_messages (id, comunidade_slug, post_id, author_id, author_name, content, created_at, updated_at, is_ia)
VALUES (
  'msg_hipercifose_4_3',
  'hipercifose-drenagem',
  'post_hipercifose_5',
  'ghost_gabriela_rodrigues',
  'Gabriela Rodrigues',
  'acho q depende muito da pessoa. nao da pra generalizar',
  '2026-02-08T11:45:36.743Z'::timestamptz,
  '2026-02-08T11:45:36.743Z'::timestamptz,
  false
) ON CONFLICT (id) DO NOTHING;

INSERT INTO nfc_chat_messages (id, comunidade_slug, post_id, author_id, author_name, content, created_at, updated_at, is_ia)
VALUES (
  'msg_hipercifose_4_4',
  'hipercifose-drenagem',
  'post_hipercifose_5',
  'ghost_gabrielcastro',
  'Gabriel Castro',
  'discordo. no meu caso foi totalmente diferente',
  '2026-02-08T12:12:36.743Z'::timestamptz,
  '2026-02-08T12:12:36.743Z'::timestamptz,
  false
) ON CONFLICT (id) DO NOTHING;

INSERT INTO nfc_chat_messages (id, comunidade_slug, post_id, author_id, author_name, content, created_at, updated_at, is_ia)
VALUES (
  'msg_hipercifose_4_5',
  'hipercifose-drenagem',
  'post_hipercifose_5',
  'ghost_bruno_dias',
  'Bruno Dias',
  'hipertrofia funciona melhor em faixas de 8-12 reps com carga moderada',
  '2026-02-08T12:45:36.743Z'::timestamptz,
  '2026-02-08T12:45:36.743Z'::timestamptz,
  false
) ON CONFLICT (id) DO NOTHING;

-- ✅ Arena 3 importada!
