-- ════════════════════════════════════════════════════════
-- ARENA 4: Meia Compressão
-- ════════════════════════════════════════════════════════

-- Ghost Users (24)
INSERT INTO "User" (id, email, name, username, avatar_url, bio, is_ghost_user, "createdAt", "updatedAt")
VALUES (
  'ghost_patricia4',
  'patricia4@gmail.com',
  'Patricia Barbosa',
  'patricia4',
  'https://api.dicebear.com/7.x/avataaars/svg?seed=patricia4',
  'Curtindo o processo.',
  true,
  NOW(),
  NOW()
) ON CONFLICT (id) DO NOTHING;

INSERT INTO "User" (id, email, name, username, avatar_url, bio, is_ghost_user, "createdAt", "updatedAt")
VALUES (
  'ghost_lucas14',
  'lucas14@outlook.com',
  'Lucas Alves',
  'lucas14',
  'https://api.dicebear.com/7.x/avataaars/svg?seed=lucas14',
  'Sempre buscando evolução.',
  true,
  NOW(),
  NOW()
) ON CONFLICT (id) DO NOTHING;

INSERT INTO "User" (id, email, name, username, avatar_url, bio, is_ghost_user, "createdAt", "updatedAt")
VALUES (
  'ghost_matheus93',
  'matheus93@hotmail.com',
  'Matheus Carvalho',
  'matheus93',
  'https://api.dicebear.com/7.x/avataaars/svg?seed=matheus93',
  'Novato, qualquer dica ajuda!',
  true,
  NOW(),
  NOW()
) ON CONFLICT (id) DO NOTHING;

INSERT INTO "User" (id, email, name, username, avatar_url, bio, is_ghost_user, "createdAt", "updatedAt")
VALUES (
  'ghost_luciana_',
  'luciana_@outlook.com',
  'Luciana Rodrigues',
  'luciana_',
  'https://api.dicebear.com/7.x/avataaars/svg?seed=luciana_',
  'Curtindo o processo.',
  true,
  NOW(),
  NOW()
) ON CONFLICT (id) DO NOTHING;

INSERT INTO "User" (id, email, name, username, avatar_url, bio, is_ghost_user, "createdAt", "updatedAt")
VALUES (
  'ghost_igor_nascimento',
  'igor_nascimento@outlook.com',
  'Igor Nascimento',
  'igor_nascimento',
  'https://api.dicebear.com/7.x/avataaars/svg?seed=igor_nascimento',
  'Voltando a treinar depois de muito tempo parado.',
  true,
  NOW(),
  NOW()
) ON CONFLICT (id) DO NOTHING;

INSERT INTO "User" (id, email, name, username, avatar_url, bio, is_ghost_user, "createdAt", "updatedAt")
VALUES (
  'ghost_rafaela22',
  'rafaela22@yahoo.com.br',
  'Rafaela Fernandes',
  'rafaela22',
  'https://api.dicebear.com/7.x/avataaars/svg?seed=rafaela22',
  'Baseio tudo em evidência.',
  true,
  NOW(),
  NOW()
) ON CONFLICT (id) DO NOTHING;

INSERT INTO "User" (id, email, name, username, avatar_url, bio, is_ghost_user, "createdAt", "updatedAt")
VALUES (
  'ghost_amandaalves',
  'amandaalves@outlook.com',
  'Amanda Alves',
  'amandaalves',
  'https://api.dicebear.com/7.x/avataaars/svg?seed=amandaalves',
  'Começando agora. Objetivo: definir.',
  true,
  NOW(),
  NOW()
) ON CONFLICT (id) DO NOTHING;

INSERT INTO "User" (id, email, name, username, avatar_url, bio, is_ghost_user, "createdAt", "updatedAt")
VALUES (
  'ghost_priscila_fernandes',
  'priscila_fernandes@hotmail.com',
  'Priscila Fernandes',
  'priscila_fernandes',
  'https://api.dicebear.com/7.x/avataaars/svg?seed=priscila_fernandes',
  'Iniciante tentando melhorar postura.',
  true,
  NOW(),
  NOW()
) ON CONFLICT (id) DO NOTHING;

INSERT INTO "User" (id, email, name, username, avatar_url, bio, is_ghost_user, "createdAt", "updatedAt")
VALUES (
  'ghost_priscila96',
  'priscila96@hotmail.com',
  'Priscila Souza',
  'priscila96',
  'https://api.dicebear.com/7.x/avataaars/svg?seed=priscila96',
  'Iniciante tentando ganhar massa muscular.',
  true,
  NOW(),
  NOW()
) ON CONFLICT (id) DO NOTHING;

INSERT INTO "User" (id, email, name, username, avatar_url, bio, is_ghost_user, "createdAt", "updatedAt")
VALUES (
  'ghost_leandro_',
  'leandro_@yahoo.com.br',
  'Leandro Costa',
  'leandro_',
  'https://api.dicebear.com/7.x/avataaars/svg?seed=leandro_',
  'Baseio tudo em evidência.',
  true,
  NOW(),
  NOW()
) ON CONFLICT (id) DO NOTHING;

INSERT INTO "User" (id, email, name, username, avatar_url, bio, is_ghost_user, "createdAt", "updatedAt")
VALUES (
  'ghost_rafaela63',
  'rafaela63@gmail.com',
  'Rafaela Oliveira',
  'rafaela63',
  'https://api.dicebear.com/7.x/avataaars/svg?seed=rafaela63',
  'Novato, qualquer dica ajuda!',
  true,
  NOW(),
  NOW()
) ON CONFLICT (id) DO NOTHING;

INSERT INTO "User" (id, email, name, username, avatar_url, bio, is_ghost_user, "createdAt", "updatedAt")
VALUES (
  'ghost_henrique_active',
  'henrique_active@yahoo.com.br',
  'Henrique Oliveira',
  'henrique_active',
  'https://api.dicebear.com/7.x/avataaars/svg?seed=henrique_active',
  'Novato, qualquer dica ajuda!',
  true,
  NOW(),
  NOW()
) ON CONFLICT (id) DO NOTHING;

INSERT INTO "User" (id, email, name, username, avatar_url, bio, is_ghost_user, "createdAt", "updatedAt")
VALUES (
  'ghost_tatiana_ferreira',
  'tatiana_ferreira@outlook.com',
  'Tatiana Ferreira',
  'tatiana_ferreira',
  'https://api.dicebear.com/7.x/avataaars/svg?seed=tatiana_ferreira',
  'Cético de modinha.',
  true,
  NOW(),
  NOW()
) ON CONFLICT (id) DO NOTHING;

INSERT INTO "User" (id, email, name, username, avatar_url, bio, is_ghost_user, "createdAt", "updatedAt")
VALUES (
  'ghost_carolinalopes',
  'carolinalopes@yahoo.com.br',
  'Carolina Lopes',
  'carolinalopes',
  'https://api.dicebear.com/7.x/avataaars/svg?seed=carolinalopes',
  'Apaixonado por treino.',
  true,
  NOW(),
  NOW()
) ON CONFLICT (id) DO NOTHING;

INSERT INTO "User" (id, email, name, username, avatar_url, bio, is_ghost_user, "createdAt", "updatedAt")
VALUES (
  'ghost_felipe_martins',
  'felipe_martins@hotmail.com',
  'Felipe Martins',
  'felipe_martins',
  'https://api.dicebear.com/7.x/avataaars/svg?seed=felipe_martins',
  'Sempre buscando evolução.',
  true,
  NOW(),
  NOW()
) ON CONFLICT (id) DO NOTHING;

INSERT INTO "User" (id, email, name, username, avatar_url, bio, is_ghost_user, "createdAt", "updatedAt")
VALUES (
  'ghost_caio_run',
  'caio_run@yahoo.com.br',
  'Caio Dias',
  'caio_run',
  'https://api.dicebear.com/7.x/avataaars/svg?seed=caio_run',
  'Treino regular, ainda aprendendo.',
  true,
  NOW(),
  NOW()
) ON CONFLICT (id) DO NOTHING;

INSERT INTO "User" (id, email, name, username, avatar_url, bio, is_ghost_user, "createdAt", "updatedAt")
VALUES (
  'ghost_rodrigo_wellness',
  'rodrigo_wellness@gmail.com',
  'Rodrigo Lopes',
  'rodrigo_wellness',
  'https://api.dicebear.com/7.x/avataaars/svg?seed=rodrigo_wellness',
  'Mostrem os estudos.',
  true,
  NOW(),
  NOW()
) ON CONFLICT (id) DO NOTHING;

INSERT INTO "User" (id, email, name, username, avatar_url, bio, is_ghost_user, "createdAt", "updatedAt")
VALUES (
  'ghost_amanda70',
  'amanda70@gmail.com',
  'Amanda Ferreira',
  'amanda70',
  'https://api.dicebear.com/7.x/avataaars/svg?seed=amanda70',
  'Voltando a treinar depois de muito tempo parado.',
  true,
  NOW(),
  NOW()
) ON CONFLICT (id) DO NOTHING;

INSERT INTO "User" (id, email, name, username, avatar_url, bio, is_ghost_user, "createdAt", "updatedAt")
VALUES (
  'ghost_vanessa43',
  'vanessa43@hotmail.com',
  'Vanessa Fernandes',
  'vanessa43',
  'https://api.dicebear.com/7.x/avataaars/svg?seed=vanessa43',
  'Iniciante tentando voltar a treinar.',
  true,
  NOW(),
  NOW()
) ON CONFLICT (id) DO NOTHING;

INSERT INTO "User" (id, email, name, username, avatar_url, bio, is_ghost_user, "createdAt", "updatedAt")
VALUES (
  'ghost_gabriela_rocha',
  'gabriela_rocha@outlook.com',
  'Gabriela Rocha',
  'gabriela_rocha',
  'https://api.dicebear.com/7.x/avataaars/svg?seed=gabriela_rocha',
  'Novato, qualquer dica ajuda!',
  true,
  NOW(),
  NOW()
) ON CONFLICT (id) DO NOTHING;

INSERT INTO "User" (id, email, name, username, avatar_url, bio, is_ghost_user, "createdAt", "updatedAt")
VALUES (
  'ghost_caiolopes',
  'caiolopes@hotmail.com',
  'Caio Lopes',
  'caiolopes',
  'https://api.dicebear.com/7.x/avataaars/svg?seed=caiolopes',
  'Voltando a treinar depois de muito tempo parado.',
  true,
  NOW(),
  NOW()
) ON CONFLICT (id) DO NOTHING;

INSERT INTO "User" (id, email, name, username, avatar_url, bio, is_ghost_user, "createdAt", "updatedAt")
VALUES (
  'ghost_vitorferreira',
  'vitorferreira@gmail.com',
  'Vitor Ferreira',
  'vitorferreira',
  'https://api.dicebear.com/7.x/avataaars/svg?seed=vitorferreira',
  'Curtindo o processo.',
  true,
  NOW(),
  NOW()
) ON CONFLICT (id) DO NOTHING;

INSERT INTO "User" (id, email, name, username, avatar_url, bio, is_ghost_user, "createdAt", "updatedAt")
VALUES (
  'ghost_vanessabarbosa',
  'vanessabarbosa@yahoo.com.br',
  'Vanessa Barbosa',
  'vanessabarbosa',
  'https://api.dicebear.com/7.x/avataaars/svg?seed=vanessabarbosa',
  'Novato, qualquer dica ajuda!',
  true,
  NOW(),
  NOW()
) ON CONFLICT (id) DO NOTHING;

INSERT INTO "User" (id, email, name, username, avatar_url, bio, is_ghost_user, "createdAt", "updatedAt")
VALUES (
  'ghost_carlos_almeida',
  'carlos_almeida@gmail.com',
  'Carlos Almeida',
  'carlos_almeida',
  'https://api.dicebear.com/7.x/avataaars/svg?seed=carlos_almeida',
  'Voltando a treinar depois de muito tempo parado.',
  true,
  NOW(),
  NOW()
) ON CONFLICT (id) DO NOTHING;

-- Threads (5)
INSERT INTO "Post" (id, "arenaId", "userId", content, "isPublished", "createdAt", "updatedAt")
VALUES (
  'post_compressao_1',
  'arena_compressao',
  'ghost_patricia4',
  'diferenca entre meia estetica e terapeutica

qual a diferença real entre meia de compressão estética e terapêutica? são os mesmos benefícios ou é enganação?',
  true,
  '2026-02-04T10:23:36.745Z'::timestamptz,
  '2026-02-04T10:23:36.745Z'::timestamptz
) ON CONFLICT (id) DO NOTHING;

INSERT INTO "Post" (id, "arenaId", "userId", content, "isPublished", "createdAt", "updatedAt")
VALUES (
  'post_compressao_2',
  'arena_compressao',
  'ghost_priscila_fernandes',
  'comprei meia de compressao mas nao sei se funciona

Não sou especialista, mas… comprei uma meia de compressão mas nao sei se to usando direito. tem que usar durante o treino ou só depois? alguém sabe',
  true,
  '2026-02-05T10:23:36.745Z'::timestamptz,
  '2026-02-05T10:23:36.745Z'::timestamptz
) ON CONFLICT (id) DO NOTHING;

INSERT INTO "Post" (id, "arenaId", "userId", content, "isPublished", "createdAt", "updatedAt")
VALUES (
  'post_compressao_3',
  'arena_compressao',
  'ghost_henrique_active',
  'comprei meia de compressao mas nao sei se funciona

comprei uma meia de compressão mas não sei se to usando direito. tem que usar durante o treino ou só depois? alguem sabe?',
  true,
  '2026-02-06T10:23:36.745Z'::timestamptz,
  '2026-02-06T10:23:36.745Z'::timestamptz
) ON CONFLICT (id) DO NOTHING;

INSERT INTO "Post" (id, "arenaId", "userId", content, "isPublished", "createdAt", "updatedAt")
VALUES (
  'post_compressao_4',
  'arena_compressao',
  'ghost_amanda70',
  'Já passei por isso… meia de compressao ou calça compressora?

qual é melhor pra treinar: meia de compressão ou calça compressora? tem diferença real ou tanto faz',
  true,
  '2026-02-07T10:23:36.745Z'::timestamptz,
  '2026-02-07T10:23:36.745Z'::timestamptz
) ON CONFLICT (id) DO NOTHING;

INSERT INTO "Post" (id, "arenaId", "userId", content, "isPublished", "createdAt", "updatedAt")
VALUES (
  'post_compressao_5',
  'arena_compressao',
  'ghost_vitorferreira',
  'diferenca entre meia estetica e terapeutica

qual a diferença real entre meia de compressão estética e terapêutica? são os mesmos benefícios ou é enganação?',
  true,
  '2026-02-08T10:23:36.745Z'::timestamptz,
  '2026-02-08T10:23:36.745Z'::timestamptz
) ON CONFLICT (id) DO NOTHING;

-- Mensagens (27)
INSERT INTO nfc_chat_messages (id, comunidade_slug, post_id, author_id, author_name, content, created_at, updated_at, is_ia)
VALUES (
  'msg_compressao_0_0',
  'meia-compressao-treino',
  'post_compressao_1',
  'ghost_lucas14',
  'Lucas Alves',
  'experimenta treinar em jejum. pra mim fez diferenca',
  '2026-02-04T10:46:36.745Z'::timestamptz,
  '2026-02-04T10:46:36.745Z'::timestamptz,
  false
) ON CONFLICT (id) DO NOTHING;

INSERT INTO nfc_chat_messages (id, comunidade_slug, post_id, author_id, author_name, content, created_at, updated_at, is_ia)
VALUES (
  'msg_compressao_0_1',
  'meia-compressao-treino',
  'post_compressao_1',
  'ghost_matheus93',
  'Matheus Carvalho',
  'tenta aumentar a proteina pra 1.6-2g por kg. comigo funcionou',
  '2026-02-04T10:52:36.745Z'::timestamptz,
  '2026-02-04T10:52:36.745Z'::timestamptz,
  false
) ON CONFLICT (id) DO NOTHING;

INSERT INTO nfc_chat_messages (id, comunidade_slug, post_id, author_id, author_name, content, created_at, updated_at, is_ia)
VALUES (
  'msg_compressao_0_2',
  'meia-compressao-treino',
  'post_compressao_1',
  'ghost_luciana_',
  'Luciana Rodrigues',
  'no meu caso demorou uns 2 meses pra ver resultado. paciencia',
  '2026-02-04T11:09:36.745Z'::timestamptz,
  '2026-02-04T11:09:36.745Z'::timestamptz,
  false
) ON CONFLICT (id) DO NOTHING;

INSERT INTO nfc_chat_messages (id, comunidade_slug, post_id, author_id, author_name, content, created_at, updated_at, is_ia)
VALUES (
  'msg_compressao_0_3',
  'meia-compressao-treino',
  'post_compressao_1',
  'ghost_igor_nascimento',
  'Igor Nascimento',
  'tenta aumentar a proteina pra 1.6-2g por kg. comigo funcionou',
  '2026-02-04T11:45:36.745Z'::timestamptz,
  '2026-02-04T11:45:36.745Z'::timestamptz,
  false
) ON CONFLICT (id) DO NOTHING;

INSERT INTO nfc_chat_messages (id, comunidade_slug, post_id, author_id, author_name, content, created_at, updated_at, is_ia)
VALUES (
  'msg_compressao_0_4',
  'meia-compressao-treino',
  'post_compressao_1',
  'ghost_rafaela22',
  'Rafaela Fernandes',
  'normal isso no começo. depois melhora',
  '2026-02-04T11:56:36.745Z'::timestamptz,
  '2026-02-04T11:56:36.745Z'::timestamptz,
  false
) ON CONFLICT (id) DO NOTHING;

INSERT INTO nfc_chat_messages (id, comunidade_slug, post_id, author_id, author_name, content, created_at, updated_at, is_ia)
VALUES (
  'msg_compressao_0_5',
  'meia-compressao-treino',
  'post_compressao_1',
  'ghost_amandaalves',
  'Amanda Alves',
  'normal isso no começo. depois melhora',
  '2026-02-04T12:04:36.745Z'::timestamptz,
  '2026-02-04T12:04:36.745Z'::timestamptz,
  false
) ON CONFLICT (id) DO NOTHING;

INSERT INTO nfc_chat_messages (id, comunidade_slug, post_id, author_id, author_name, content, created_at, updated_at, is_ia)
VALUES (
  'msg_compressao_0_6',
  'meia-compressao-treino',
  'post_compressao_1',
  'ia_facilitadora',
  'NutriFit Coach',
  'A compressao potencializa o retorno linfatico quando ha movimento ritmico. Pergunta: quem usa percebe diferenca no pos-treino?',
  '2026-02-04T12:31:36.745Z'::timestamptz,
  '2026-02-04T12:31:36.745Z'::timestamptz,
  true
) ON CONFLICT (id) DO NOTHING;

INSERT INTO nfc_chat_messages (id, comunidade_slug, post_id, author_id, author_name, content, created_at, updated_at, is_ia)
VALUES (
  'msg_compressao_1_0',
  'meia-compressao-treino',
  'post_compressao_2',
  'ghost_priscila96',
  'Priscila Souza',
  'Já passei por isso… experimenta treinar em jejum. pra mim fez diferenca',
  '2026-02-05T10:46:36.745Z'::timestamptz,
  '2026-02-05T10:46:36.745Z'::timestamptz,
  false
) ON CONFLICT (id) DO NOTHING;

INSERT INTO nfc_chat_messages (id, comunidade_slug, post_id, author_id, author_name, content, created_at, updated_at, is_ia)
VALUES (
  'msg_compressao_1_1',
  'meia-compressao-treino',
  'post_compressao_2',
  'ghost_leandro_',
  'Leandro Costa',
  'experimenta treinar em jejum. pra mim fez diferenca',
  '2026-02-05T11:02:36.745Z'::timestamptz,
  '2026-02-05T11:02:36.745Z'::timestamptz,
  false
) ON CONFLICT (id) DO NOTHING;

INSERT INTO nfc_chat_messages (id, comunidade_slug, post_id, author_id, author_name, content, created_at, updated_at, is_ia)
VALUES (
  'msg_compressao_1_2',
  'meia-compressao-treino',
  'post_compressao_2',
  'ghost_rafaela63',
  'Rafaela Oliveira',
  'diminui o peso e foca na tecnica primeiro. melhor fazer bem feito do q jogar peso',
  '2026-02-05T11:14:36.745Z'::timestamptz,
  '2026-02-05T11:14:36.745Z'::timestamptz,
  false
) ON CONFLICT (id) DO NOTHING;

INSERT INTO nfc_chat_messages (id, comunidade_slug, post_id, author_id, author_name, content, created_at, updated_at, is_ia)
VALUES (
  'msg_compressao_1_3',
  'meia-compressao-treino',
  'post_compressao_2',
  'ia_facilitadora',
  'NutriFit Coach',
  'Boa observacao. Meia estetica tem baixa compressao (8-15 mmHg), terapeutica tem alta (20-30 mmHg). A diferenca é significativa. Alguem ja comparou os dois tipos?',
  '2026-02-05T11:42:36.745Z'::timestamptz,
  '2026-02-05T11:42:36.745Z'::timestamptz,
  true
) ON CONFLICT (id) DO NOTHING;

INSERT INTO nfc_chat_messages (id, comunidade_slug, post_id, author_id, author_name, content, created_at, updated_at, is_ia)
VALUES (
  'msg_compressao_2_0',
  'meia-compressao-treino',
  'post_compressao_3',
  'ghost_rafaela63',
  'Rafaela Oliveira',
  'tenta aumentar a proteina pra 1.6-2g por kg. comigo funcionou',
  '2026-02-06T10:43:36.745Z'::timestamptz,
  '2026-02-06T10:43:36.745Z'::timestamptz,
  false
) ON CONFLICT (id) DO NOTHING;

INSERT INTO nfc_chat_messages (id, comunidade_slug, post_id, author_id, author_name, content, created_at, updated_at, is_ia)
VALUES (
  'msg_compressao_2_1',
  'meia-compressao-treino',
  'post_compressao_3',
  'ghost_tatiana_ferreira',
  'Tatiana Ferreira',
  'eu tive q mudar 3x o treino ate achar oq funciona pra mim',
  '2026-02-06T10:48:36.745Z'::timestamptz,
  '2026-02-06T10:48:36.745Z'::timestamptz,
  false
) ON CONFLICT (id) DO NOTHING;

INSERT INTO nfc_chat_messages (id, comunidade_slug, post_id, author_id, author_name, content, created_at, updated_at, is_ia)
VALUES (
  'msg_compressao_2_2',
  'meia-compressao-treino',
  'post_compressao_3',
  'ghost_carolinalopes',
  'Carolina Lopes',
  'eu fazia assim tb e não dava resultado. mudei pra X e melhorou',
  '2026-02-06T11:19:36.745Z'::timestamptz,
  '2026-02-06T11:19:36.745Z'::timestamptz,
  false
) ON CONFLICT (id) DO NOTHING;

INSERT INTO nfc_chat_messages (id, comunidade_slug, post_id, author_id, author_name, content, created_at, updated_at, is_ia)
VALUES (
  'msg_compressao_2_3',
  'meia-compressao-treino',
  'post_compressao_3',
  'ghost_felipe_martins',
  'Felipe Martins',
  'passei anos fazendo errado... quando corrigi a tecnica mudou tudo',
  '2026-02-06T12:04:36.745Z'::timestamptz,
  '2026-02-06T12:04:36.745Z'::timestamptz,
  false
) ON CONFLICT (id) DO NOTHING;

INSERT INTO nfc_chat_messages (id, comunidade_slug, post_id, author_id, author_name, content, created_at, updated_at, is_ia)
VALUES (
  'msg_compressao_2_4',
  'meia-compressao-treino',
  'post_compressao_3',
  'ghost_caio_run',
  'Caio Dias',
  'passei anos fazendo errado. quando corrigi a tecnica mudou tudo',
  '2026-02-06T12:09:36.745Z'::timestamptz,
  '2026-02-06T12:09:36.745Z'::timestamptz,
  false
) ON CONFLICT (id) DO NOTHING;

INSERT INTO nfc_chat_messages (id, comunidade_slug, post_id, author_id, author_name, content, created_at, updated_at, is_ia)
VALUES (
  'msg_compressao_2_5',
  'meia-compressao-treino',
  'post_compressao_3',
  'ghost_rodrigo_wellness',
  'Rodrigo Lopes',
  'eu tive q mudar 3x o treino ate achar oq funciona pra mim',
  '2026-02-06T12:18:36.745Z'::timestamptz,
  '2026-02-06T12:18:36.745Z'::timestamptz,
  false
) ON CONFLICT (id) DO NOTHING;

INSERT INTO nfc_chat_messages (id, comunidade_slug, post_id, author_id, author_name, content, created_at, updated_at, is_ia)
VALUES (
  'msg_compressao_2_6',
  'meia-compressao-treino',
  'post_compressao_3',
  'ia_facilitadora',
  'NutriFit Coach',
  'Boa observacao. Meia estetica tem baixa compressao (8-15 mmHg), terapeutica tem alta (20-30 mmHg). A diferenca é significativa. Alguem ja comparou os dois tipos?',
  '2026-02-06T12:41:36.745Z'::timestamptz,
  '2026-02-06T12:41:36.745Z'::timestamptz,
  true
) ON CONFLICT (id) DO NOTHING;

INSERT INTO nfc_chat_messages (id, comunidade_slug, post_id, author_id, author_name, content, created_at, updated_at, is_ia)
VALUES (
  'msg_compressao_3_0',
  'meia-compressao-treino',
  'post_compressao_4',
  'ghost_vanessa43',
  'Vanessa Fernandes',
  'nao sou especialista, mas… experimenta treinar em jejum. pra mim fez diferenca',
  '2026-02-07T10:59:36.745Z'::timestamptz,
  '2026-02-07T10:59:36.745Z'::timestamptz,
  false
) ON CONFLICT (id) DO NOTHING;

INSERT INTO nfc_chat_messages (id, comunidade_slug, post_id, author_id, author_name, content, created_at, updated_at, is_ia)
VALUES (
  'msg_compressao_3_1',
  'meia-compressao-treino',
  'post_compressao_4',
  'ghost_gabriela_rocha',
  'Gabriela Rocha',
  'eu fazia assim tb e não dava resultado. mudei pra X e melhorou',
  '2026-02-07T11:33:36.745Z'::timestamptz,
  '2026-02-07T11:33:36.745Z'::timestamptz,
  false
) ON CONFLICT (id) DO NOTHING;

INSERT INTO nfc_chat_messages (id, comunidade_slug, post_id, author_id, author_name, content, created_at, updated_at, is_ia)
VALUES (
  'msg_compressao_3_2',
  'meia-compressao-treino',
  'post_compressao_4',
  'ghost_leandro_',
  'Leandro Costa',
  'comigo tb foi assim. levou uns 3 meses pra pegar o jeito',
  '2026-02-07T12:01:36.745Z'::timestamptz,
  '2026-02-07T12:01:36.745Z'::timestamptz,
  false
) ON CONFLICT (id) DO NOTHING;

INSERT INTO nfc_chat_messages (id, comunidade_slug, post_id, author_id, author_name, content, created_at, updated_at, is_ia)
VALUES (
  'msg_compressao_3_3',
  'meia-compressao-treino',
  'post_compressao_4',
  'ghost_caiolopes',
  'Caio Lopes',
  'Cara, comigo foi assim… cara ja passei por isso tb... é frustrante demais mas nao desiste',
  '2026-02-07T12:12:36.745Z'::timestamptz,
  '2026-02-07T12:12:36.745Z'::timestamptz,
  false
) ON CONFLICT (id) DO NOTHING;

INSERT INTO nfc_chat_messages (id, comunidade_slug, post_id, author_id, author_name, content, created_at, updated_at, is_ia)
VALUES (
  'msg_compressao_4_0',
  'meia-compressao-treino',
  'post_compressao_5',
  'ghost_caiolopes',
  'Caio Lopes',
  'eu fazia assim tb e não dava resultado... mudei pra X e melhorou',
  '2026-02-08T10:59:36.745Z'::timestamptz,
  '2026-02-08T10:59:36.745Z'::timestamptz,
  false
) ON CONFLICT (id) DO NOTHING;

INSERT INTO nfc_chat_messages (id, comunidade_slug, post_id, author_id, author_name, content, created_at, updated_at, is_ia)
VALUES (
  'msg_compressao_4_1',
  'meia-compressao-treino',
  'post_compressao_5',
  'ghost_caiolopes',
  'Caio Lopes',
  'eu fazia assim tb e não dava resultado. mudei pra X e melhorou',
  '2026-02-08T11:33:36.745Z'::timestamptz,
  '2026-02-08T11:33:36.745Z'::timestamptz,
  false
) ON CONFLICT (id) DO NOTHING;

INSERT INTO nfc_chat_messages (id, comunidade_slug, post_id, author_id, author_name, content, created_at, updated_at, is_ia)
VALUES (
  'msg_compressao_4_2',
  'meia-compressao-treino',
  'post_compressao_5',
  'ghost_patricia4',
  'Patricia Barbosa',
  'diminui o peso e foca na tecnica primeiro. melhor fazer bem feito do q jogar peso',
  '2026-02-08T11:52:36.745Z'::timestamptz,
  '2026-02-08T11:52:36.745Z'::timestamptz,
  false
) ON CONFLICT (id) DO NOTHING;

INSERT INTO nfc_chat_messages (id, comunidade_slug, post_id, author_id, author_name, content, created_at, updated_at, is_ia)
VALUES (
  'msg_compressao_4_3',
  'meia-compressao-treino',
  'post_compressao_5',
  'ghost_vanessabarbosa',
  'Vanessa Barbosa',
  'No meu caso… tenta aumentar a proteina pra 1.6-2g por kg. comigo funcionou',
  '2026-02-08T12:34:36.745Z'::timestamptz,
  '2026-02-08T12:34:36.745Z'::timestamptz,
  false
) ON CONFLICT (id) DO NOTHING;

INSERT INTO nfc_chat_messages (id, comunidade_slug, post_id, author_id, author_name, content, created_at, updated_at, is_ia)
VALUES (
  'msg_compressao_4_4',
  'meia-compressao-treino',
  'post_compressao_5',
  'ghost_carlos_almeida',
  'Carlos Almeida',
  'cara ja passei por isso tb... é frustrante demais mas nao desiste',
  '2026-02-08T12:54:36.745Z'::timestamptz,
  '2026-02-08T12:54:36.745Z'::timestamptz,
  false
) ON CONFLICT (id) DO NOTHING;

-- ✅ Arena 4 importada!
