-- ════════════════════════════════════════════════════════
-- ARENA 5: Dor Menstrual
-- ════════════════════════════════════════════════════════

-- Ghost Users (23)
INSERT INTO "User" (id, email, name, username, avatar_url, bio, is_ghost_user, "createdAt", "updatedAt")
VALUES (
  'ghost_andre_saude',
  'andre_saude@yahoo.com.br',
  'André Alves',
  'andre_saude',
  'https://api.dicebear.com/7.x/avataaars/svg?seed=andre_saude',
  'Treino há uns 2 anos. Foco em perder barriga.',
  true,
  NOW(),
  NOW()
) ON CONFLICT (id) DO NOTHING;

INSERT INTO "User" (id, email, name, username, avatar_url, bio, is_ghost_user, "createdAt", "updatedAt")
VALUES (
  'ghost_henrique0',
  'henrique0@yahoo.com.br',
  'Henrique Lima',
  'henrique0',
  'https://api.dicebear.com/7.x/avataaars/svg?seed=henrique0',
  'Intermediário buscando melhorar postura.',
  true,
  NOW(),
  NOW()
) ON CONFLICT (id) DO NOTHING;

INSERT INTO "User" (id, email, name, username, avatar_url, bio, is_ghost_user, "createdAt", "updatedAt")
VALUES (
  'ghost_gabriela_rodrigues',
  'gabriela_rodrigues@hotmail.com',
  'Gabriela Rodrigues',
  'gabriela_rodrigues',
  'https://api.dicebear.com/7.x/avataaars/svg?seed=gabriela_rodrigues',
  'Novato, qualquer dica ajuda!',
  true,
  NOW(),
  NOW()
) ON CONFLICT (id) DO NOTHING;

INSERT INTO "User" (id, email, name, username, avatar_url, bio, is_ghost_user, "createdAt", "updatedAt")
VALUES (
  'ghost_priscila41',
  'priscila41@gmail.com',
  'Priscila Barbosa',
  'priscila41',
  'https://api.dicebear.com/7.x/avataaars/svg?seed=priscila41',
  'Intermediário buscando melhorar condicionamento.',
  true,
  NOW(),
  NOW()
) ON CONFLICT (id) DO NOTHING;

INSERT INTO "User" (id, email, name, username, avatar_url, bio, is_ghost_user, "createdAt", "updatedAt")
VALUES (
  'ghost_gabrielcastro',
  'gabrielcastro@outlook.com',
  'Gabriel Castro',
  'gabrielcastro',
  'https://api.dicebear.com/7.x/avataaars/svg?seed=gabrielcastro',
  'Começando agora. Objetivo: aumentar força.',
  true,
  NOW(),
  NOW()
) ON CONFLICT (id) DO NOTHING;

INSERT INTO "User" (id, email, name, username, avatar_url, bio, is_ghost_user, "createdAt", "updatedAt")
VALUES (
  'ghost_rafael_soares',
  'rafael_soares@yahoo.com.br',
  'Rafael Soares',
  'rafael_soares',
  'https://api.dicebear.com/7.x/avataaars/svg?seed=rafael_soares',
  'Novato, qualquer dica ajuda!',
  true,
  NOW(),
  NOW()
) ON CONFLICT (id) DO NOTHING;

INSERT INTO "User" (id, email, name, username, avatar_url, bio, is_ghost_user, "createdAt", "updatedAt")
VALUES (
  'ghost_bruno_dias',
  'bruno_dias@gmail.com',
  'Bruno Dias',
  'bruno_dias',
  'https://api.dicebear.com/7.x/avataaars/svg?seed=bruno_dias',
  'Treino regular, ainda aprendendo.',
  true,
  NOW(),
  NOW()
) ON CONFLICT (id) DO NOTHING;

INSERT INTO "User" (id, email, name, username, avatar_url, bio, is_ghost_user, "createdAt", "updatedAt")
VALUES (
  'ghost_amanda_rodrigues',
  'amanda_rodrigues@hotmail.com',
  'Amanda Rodrigues',
  'amanda_rodrigues',
  'https://api.dicebear.com/7.x/avataaars/svg?seed=amanda_rodrigues',
  'Novato, qualquer dica ajuda!',
  true,
  NOW(),
  NOW()
) ON CONFLICT (id) DO NOTHING;

INSERT INTO "User" (id, email, name, username, avatar_url, bio, is_ghost_user, "createdAt", "updatedAt")
VALUES (
  'ghost_rodrigo_santos',
  'rodrigo_santos@yahoo.com.br',
  'Rodrigo Santos',
  'rodrigo_santos',
  'https://api.dicebear.com/7.x/avataaars/svg?seed=rodrigo_santos',
  'Apaixonado por treino.',
  true,
  NOW(),
  NOW()
) ON CONFLICT (id) DO NOTHING;

INSERT INTO "User" (id, email, name, username, avatar_url, bio, is_ghost_user, "createdAt", "updatedAt")
VALUES (
  'ghost_henrique_almeida',
  'henrique_almeida@hotmail.com',
  'Henrique Almeida',
  'henrique_almeida',
  'https://api.dicebear.com/7.x/avataaars/svg?seed=henrique_almeida',
  'Iniciante tentando correr melhor.',
  true,
  NOW(),
  NOW()
) ON CONFLICT (id) DO NOTHING;

INSERT INTO "User" (id, email, name, username, avatar_url, bio, is_ghost_user, "createdAt", "updatedAt")
VALUES (
  'ghost_vanessabarbosa',
  'vanessabarbosa@yahoo.com.br',
  'Vanessa Barbosa',
  'vanessabarbosa',
  'https://api.dicebear.com/7.x/avataaars/svg?seed=vanessabarbosa',
  'Novato, qualquer dica ajuda!',
  true,
  NOW(),
  NOW()
) ON CONFLICT (id) DO NOTHING;

INSERT INTO "User" (id, email, name, username, avatar_url, bio, is_ghost_user, "createdAt", "updatedAt")
VALUES (
  'ghost_rafaela22',
  'rafaela22@yahoo.com.br',
  'Rafaela Fernandes',
  'rafaela22',
  'https://api.dicebear.com/7.x/avataaars/svg?seed=rafaela22',
  'Baseio tudo em evidência.',
  true,
  NOW(),
  NOW()
) ON CONFLICT (id) DO NOTHING;

INSERT INTO "User" (id, email, name, username, avatar_url, bio, is_ghost_user, "createdAt", "updatedAt")
VALUES (
  'ghost_carlossilva',
  'carlossilva@hotmail.com',
  'Carlos Silva',
  'carlossilva',
  'https://api.dicebear.com/7.x/avataaars/svg?seed=carlossilva',
  'Novato, qualquer dica ajuda!',
  true,
  NOW(),
  NOW()
) ON CONFLICT (id) DO NOTHING;

INSERT INTO "User" (id, email, name, username, avatar_url, bio, is_ghost_user, "createdAt", "updatedAt")
VALUES (
  'ghost_vitorferreira',
  'vitorferreira@gmail.com',
  'Vitor Ferreira',
  'vitorferreira',
  'https://api.dicebear.com/7.x/avataaars/svg?seed=vitorferreira',
  'Curtindo o processo.',
  true,
  NOW(),
  NOW()
) ON CONFLICT (id) DO NOTHING;

INSERT INTO "User" (id, email, name, username, avatar_url, bio, is_ghost_user, "createdAt", "updatedAt")
VALUES (
  'ghost_tatiana_ferreira',
  'tatiana_ferreira@outlook.com',
  'Tatiana Ferreira',
  'tatiana_ferreira',
  'https://api.dicebear.com/7.x/avataaars/svg?seed=tatiana_ferreira',
  'Cético de modinha.',
  true,
  NOW(),
  NOW()
) ON CONFLICT (id) DO NOTHING;

INSERT INTO "User" (id, email, name, username, avatar_url, bio, is_ghost_user, "createdAt", "updatedAt")
VALUES (
  'ghost_carolina_vieira',
  'carolina_vieira@yahoo.com.br',
  'Carolina Vieira',
  'carolina_vieira',
  'https://api.dicebear.com/7.x/avataaars/svg?seed=carolina_vieira',
  'Voltando a treinar depois de muito tempo parado.',
  true,
  NOW(),
  NOW()
) ON CONFLICT (id) DO NOTHING;

INSERT INTO "User" (id, email, name, username, avatar_url, bio, is_ghost_user, "createdAt", "updatedAt")
VALUES (
  'ghost_felipe_martins',
  'felipe_martins@hotmail.com',
  'Felipe Martins',
  'felipe_martins',
  'https://api.dicebear.com/7.x/avataaars/svg?seed=felipe_martins',
  'Sempre buscando evolução.',
  true,
  NOW(),
  NOW()
) ON CONFLICT (id) DO NOTHING;

INSERT INTO "User" (id, email, name, username, avatar_url, bio, is_ghost_user, "createdAt", "updatedAt")
VALUES (
  'ghost_rafaela63',
  'rafaela63@gmail.com',
  'Rafaela Oliveira',
  'rafaela63',
  'https://api.dicebear.com/7.x/avataaars/svg?seed=rafaela63',
  'Novato, qualquer dica ajuda!',
  true,
  NOW(),
  NOW()
) ON CONFLICT (id) DO NOTHING;

INSERT INTO "User" (id, email, name, username, avatar_url, bio, is_ghost_user, "createdAt", "updatedAt")
VALUES (
  'ghost_andre_active',
  'andre_active@hotmail.com',
  'André Souza',
  'andre_active',
  'https://api.dicebear.com/7.x/avataaars/svg?seed=andre_active',
  'Começando agora. Objetivo: definir.',
  true,
  NOW(),
  NOW()
) ON CONFLICT (id) DO NOTHING;

INSERT INTO "User" (id, email, name, username, avatar_url, bio, is_ghost_user, "createdAt", "updatedAt")
VALUES (
  'ghost_fernando_alves',
  'fernando_alves@outlook.com',
  'Fernando Alves',
  'fernando_alves',
  'https://api.dicebear.com/7.x/avataaars/svg?seed=fernando_alves',
  'Começando agora. Objetivo: definir.',
  true,
  NOW(),
  NOW()
) ON CONFLICT (id) DO NOTHING;

INSERT INTO "User" (id, email, name, username, avatar_url, bio, is_ghost_user, "createdAt", "updatedAt")
VALUES (
  'ghost_felipe45',
  'felipe45@outlook.com',
  'Felipe Barbosa',
  'felipe45',
  'https://api.dicebear.com/7.x/avataaars/svg?seed=felipe45',
  'Começando agora. Objetivo: perder barriga.',
  true,
  NOW(),
  NOW()
) ON CONFLICT (id) DO NOTHING;

INSERT INTO "User" (id, email, name, username, avatar_url, bio, is_ghost_user, "createdAt", "updatedAt")
VALUES (
  'ghost_marianacastro',
  'marianacastro@hotmail.com',
  'Mariana Castro',
  'marianacastro',
  'https://api.dicebear.com/7.x/avataaars/svg?seed=marianacastro',
  'Começando agora. Objetivo: melhorar condicionamento.',
  true,
  NOW(),
  NOW()
) ON CONFLICT (id) DO NOTHING;

INSERT INTO "User" (id, email, name, username, avatar_url, bio, is_ghost_user, "createdAt", "updatedAt")
VALUES (
  'ghost_leandro_',
  'leandro_@yahoo.com.br',
  'Leandro Costa',
  'leandro_',
  'https://api.dicebear.com/7.x/avataaars/svg?seed=leandro_',
  'Baseio tudo em evidência.',
  true,
  NOW(),
  NOW()
) ON CONFLICT (id) DO NOTHING;

-- Threads (5)
INSERT INTO "Post" (id, "arenaId", "userId", content, "isPublished", "createdAt", "updatedAt")
VALUES (
  'post_menstrual_1',
  'arena_menstrual',
  'ghost_andre_saude',
  'ciclicidade da dor é diagnostico

a dor cíclica (que piora na menstruação) pode ser usada como critério de diagnóstico de lipedema? ou é só sintoma comum?',
  true,
  '2026-02-04T10:23:36.746Z'::timestamptz,
  '2026-02-04T10:23:36.746Z'::timestamptz
) ON CONFLICT (id) DO NOTHING;

INSERT INTO "Post" (id, "arenaId", "userId", content, "isPublished", "createdAt", "updatedAt")
VALUES (
  'post_menstrual_2',
  'arena_menstrual',
  'ghost_henrique0',
  'anticoncepcional ajuda ou piora?

tomo anticoncepcional e não sei se ajuda ou piora o lipedema. alguém tem experiência com isso?',
  true,
  '2026-02-05T10:23:36.746Z'::timestamptz,
  '2026-02-05T10:23:36.746Z'::timestamptz
) ON CONFLICT (id) DO NOTHING;

INSERT INTO "Post" (id, "arenaId", "userId", content, "isPublished", "createdAt", "updatedAt")
VALUES (
  'post_menstrual_3',
  'arena_menstrual',
  'ghost_carlossilva',
  'Cara, comigo foi assim… lipedema piora com hormonios?

vi gente falando que hormônio piora lipedema. é verdade? minha dor sempre piora na menstruação',
  true,
  '2026-02-06T10:23:36.746Z'::timestamptz,
  '2026-02-06T10:23:36.746Z'::timestamptz
) ON CONFLICT (id) DO NOTHING;

INSERT INTO "Post" (id, "arenaId", "userId", content, "isPublished", "createdAt", "updatedAt")
VALUES (
  'post_menstrual_4',
  'arena_menstrual',
  'ghost_henrique0',
  'anticoncepcional ajuda ou piora?

tomo anticoncepcional e não sei se ajuda ou piora o lipedema. alguém tem experiência com isso?',
  true,
  '2026-02-07T10:23:36.746Z'::timestamptz,
  '2026-02-07T10:23:36.746Z'::timestamptz
) ON CONFLICT (id) DO NOTHING;

INSERT INTO "Post" (id, "arenaId", "userId", content, "isPublished", "createdAt", "updatedAt")
VALUES (
  'post_menstrual_5',
  'arena_menstrual',
  'ghost_felipe45',
  'dor nos nodulos antes ou durante menstruacao?

Já passei por isso… a dor piora antes da menstruação ou durante? pra mim é sempre uns 3 dias antes que fica insuportável',
  true,
  '2026-02-08T10:23:36.746Z'::timestamptz,
  '2026-02-08T10:23:36.746Z'::timestamptz
) ON CONFLICT (id) DO NOTHING;

-- Mensagens (32)
INSERT INTO nfc_chat_messages (id, comunidade_slug, post_id, author_id, author_name, content, created_at, updated_at, is_ia)
VALUES (
  'msg_menstrual_0_0',
  'lipedema-dor-menstrual',
  'post_menstrual_1',
  'ghost_henrique0',
  'Henrique Lima',
  'hipertrofia funciona melhor em faixas de 8-12 reps com carga moderada',
  '2026-02-04T10:40:36.746Z'::timestamptz,
  '2026-02-04T10:40:36.746Z'::timestamptz,
  false
) ON CONFLICT (id) DO NOTHING;

INSERT INTO nfc_chat_messages (id, comunidade_slug, post_id, author_id, author_name, content, created_at, updated_at, is_ia)
VALUES (
  'msg_menstrual_0_1',
  'lipedema-dor-menstrual',
  'post_menstrual_1',
  'ghost_gabriela_rodrigues',
  'Gabriela Rodrigues',
  'Cara, comigo foi assim… proteina: 1.6-2.2g/kg. mais q isso não agrega. estudos mostram',
  '2026-02-04T11:17:36.746Z'::timestamptz,
  '2026-02-04T11:17:36.746Z'::timestamptz,
  false
) ON CONFLICT (id) DO NOTHING;

INSERT INTO nfc_chat_messages (id, comunidade_slug, post_id, author_id, author_name, content, created_at, updated_at, is_ia)
VALUES (
  'msg_menstrual_0_2',
  'lipedema-dor-menstrual',
  'post_menstrual_1',
  'ghost_priscila41',
  'Priscila Barbosa',
  'eu fazia assim tb e não dava resultado. mudei pra X e melhorou',
  '2026-02-04T11:53:36.746Z'::timestamptz,
  '2026-02-04T11:53:36.746Z'::timestamptz,
  false
) ON CONFLICT (id) DO NOTHING;

INSERT INTO nfc_chat_messages (id, comunidade_slug, post_id, author_id, author_name, content, created_at, updated_at, is_ia)
VALUES (
  'msg_menstrual_0_3',
  'lipedema-dor-menstrual',
  'post_menstrual_1',
  'ghost_gabrielcastro',
  'Gabriel Castro',
  'No meu caso… diminui o peso e foca na tecnica primeiro. melhor fazer bem feito do q jogar peso',
  '2026-02-04T12:02:36.746Z'::timestamptz,
  '2026-02-04T12:02:36.746Z'::timestamptz,
  false
) ON CONFLICT (id) DO NOTHING;

INSERT INTO nfc_chat_messages (id, comunidade_slug, post_id, author_id, author_name, content, created_at, updated_at, is_ia)
VALUES (
  'msg_menstrual_0_4',
  'lipedema-dor-menstrual',
  'post_menstrual_1',
  'ghost_rafael_soares',
  'Rafael Soares',
  'diminui o peso e foca na tecnica primeiro. melhor fazer bem feito do q jogar peso',
  '2026-02-04T12:19:36.746Z'::timestamptz,
  '2026-02-04T12:19:36.746Z'::timestamptz,
  false
) ON CONFLICT (id) DO NOTHING;

INSERT INTO nfc_chat_messages (id, comunidade_slug, post_id, author_id, author_name, content, created_at, updated_at, is_ia)
VALUES (
  'msg_menstrual_0_5',
  'lipedema-dor-menstrual',
  'post_menstrual_1',
  'ghost_bruno_dias',
  'Bruno Dias',
  'diminui o peso e foca na tecnica primeiro. melhor fazer bem feito do q jogar peso',
  '2026-02-04T12:57:36.746Z'::timestamptz,
  '2026-02-04T12:57:36.746Z'::timestamptz,
  false
) ON CONFLICT (id) DO NOTHING;

INSERT INTO nfc_chat_messages (id, comunidade_slug, post_id, author_id, author_name, content, created_at, updated_at, is_ia)
VALUES (
  'msg_menstrual_1_0',
  'lipedema-dor-menstrual',
  'post_menstrual_2',
  'ghost_amanda_rodrigues',
  'Amanda Rodrigues',
  'No meu caso… proteina: 1.6-2.2g/kg. mais q isso não agrega. estudos mostram',
  '2026-02-05T11:06:36.746Z'::timestamptz,
  '2026-02-05T11:06:36.746Z'::timestamptz,
  false
) ON CONFLICT (id) DO NOTHING;

INSERT INTO nfc_chat_messages (id, comunidade_slug, post_id, author_id, author_name, content, created_at, updated_at, is_ia)
VALUES (
  'msg_menstrual_1_1',
  'lipedema-dor-menstrual',
  'post_menstrual_2',
  'ghost_rodrigo_santos',
  'Rodrigo Santos',
  'eu fazia assim tb e não dava resultado. mudei pra X e melhorou',
  '2026-02-05T11:50:36.746Z'::timestamptz,
  '2026-02-05T11:50:36.746Z'::timestamptz,
  false
) ON CONFLICT (id) DO NOTHING;

INSERT INTO nfc_chat_messages (id, comunidade_slug, post_id, author_id, author_name, content, created_at, updated_at, is_ia)
VALUES (
  'msg_menstrual_1_2',
  'lipedema-dor-menstrual',
  'post_menstrual_2',
  'ghost_henrique_almeida',
  'Henrique Almeida',
  'diminui o peso e foca na tecnica primeiro. melhor fazer bem feito do q jogar peso',
  '2026-02-05T12:35:36.746Z'::timestamptz,
  '2026-02-05T12:35:36.746Z'::timestamptz,
  false
) ON CONFLICT (id) DO NOTHING;

INSERT INTO nfc_chat_messages (id, comunidade_slug, post_id, author_id, author_name, content, created_at, updated_at, is_ia)
VALUES (
  'msg_menstrual_1_3',
  'lipedema-dor-menstrual',
  'post_menstrual_2',
  'ghost_vanessabarbosa',
  'Vanessa Barbosa',
  'Eu achava que era frescura, mas… proteina: 1.6-2.2g/kg. mais q isso não agrega. estudos mostram',
  '2026-02-05T13:00:36.746Z'::timestamptz,
  '2026-02-05T13:00:36.746Z'::timestamptz,
  false
) ON CONFLICT (id) DO NOTHING;

INSERT INTO nfc_chat_messages (id, comunidade_slug, post_id, author_id, author_name, content, created_at, updated_at, is_ia)
VALUES (
  'msg_menstrual_1_4',
  'lipedema-dor-menstrual',
  'post_menstrual_2',
  'ghost_vanessabarbosa',
  'Vanessa Barbosa',
  'Já passei por isso… experimenta treinar em jejum. pra mim fez diferenca',
  '2026-02-05T13:07:36.746Z'::timestamptz,
  '2026-02-05T13:07:36.746Z'::timestamptz,
  false
) ON CONFLICT (id) DO NOTHING;

INSERT INTO nfc_chat_messages (id, comunidade_slug, post_id, author_id, author_name, content, created_at, updated_at, is_ia)
VALUES (
  'msg_menstrual_1_5',
  'lipedema-dor-menstrual',
  'post_menstrual_2',
  'ghost_rafaela22',
  'Rafaela Fernandes',
  'deficit calorico é oq importa no final. pode comer carbo a noite sim',
  '2026-02-05T13:35:36.746Z'::timestamptz,
  '2026-02-05T13:35:36.746Z'::timestamptz,
  false
) ON CONFLICT (id) DO NOTHING;

INSERT INTO nfc_chat_messages (id, comunidade_slug, post_id, author_id, author_name, content, created_at, updated_at, is_ia)
VALUES (
  'msg_menstrual_2_0',
  'lipedema-dor-menstrual',
  'post_menstrual_3',
  'ghost_bruno_dias',
  'Bruno Dias',
  'passei anos fazendo errado... quando corrigi a tecnica mudou tudo',
  '2026-02-06T10:33:36.746Z'::timestamptz,
  '2026-02-06T10:33:36.746Z'::timestamptz,
  false
) ON CONFLICT (id) DO NOTHING;

INSERT INTO nfc_chat_messages (id, comunidade_slug, post_id, author_id, author_name, content, created_at, updated_at, is_ia)
VALUES (
  'msg_menstrual_2_1',
  'lipedema-dor-menstrual',
  'post_menstrual_3',
  'ghost_vitorferreira',
  'Vitor Ferreira',
  'experimenta treinar em jejum. pra mim fez diferenca',
  '2026-02-06T10:54:36.746Z'::timestamptz,
  '2026-02-06T10:54:36.746Z'::timestamptz,
  false
) ON CONFLICT (id) DO NOTHING;

INSERT INTO nfc_chat_messages (id, comunidade_slug, post_id, author_id, author_name, content, created_at, updated_at, is_ia)
VALUES (
  'msg_menstrual_2_2',
  'lipedema-dor-menstrual',
  'post_menstrual_3',
  'ghost_tatiana_ferreira',
  'Tatiana Ferreira',
  'tenta aumentar a proteina pra 1.6-2g por kg. comigo funcionou',
  '2026-02-06T11:24:36.746Z'::timestamptz,
  '2026-02-06T11:24:36.746Z'::timestamptz,
  false
) ON CONFLICT (id) DO NOTHING;

INSERT INTO nfc_chat_messages (id, comunidade_slug, post_id, author_id, author_name, content, created_at, updated_at, is_ia)
VALUES (
  'msg_menstrual_2_3',
  'lipedema-dor-menstrual',
  'post_menstrual_3',
  'ghost_carolina_vieira',
  'Carolina Vieira',
  'cara ja passei por isso tb... é frustrante demais mas nao desiste',
  '2026-02-06T11:45:36.746Z'::timestamptz,
  '2026-02-06T11:45:36.746Z'::timestamptz,
  false
) ON CONFLICT (id) DO NOTHING;

INSERT INTO nfc_chat_messages (id, comunidade_slug, post_id, author_id, author_name, content, created_at, updated_at, is_ia)
VALUES (
  'msg_menstrual_2_4',
  'lipedema-dor-menstrual',
  'post_menstrual_3',
  'ghost_felipe_martins',
  'Felipe Martins',
  'cara ja passei por isso tb... é frustrante demais mas nao desiste',
  '2026-02-06T12:13:36.746Z'::timestamptz,
  '2026-02-06T12:13:36.746Z'::timestamptz,
  false
) ON CONFLICT (id) DO NOTHING;

INSERT INTO nfc_chat_messages (id, comunidade_slug, post_id, author_id, author_name, content, created_at, updated_at, is_ia)
VALUES (
  'msg_menstrual_2_5',
  'lipedema-dor-menstrual',
  'post_menstrual_3',
  'ghost_rafaela63',
  'Rafaela Oliveira',
  'Não sou especialista, mas… comigo tb foi assim. levou uns 3 meses pra pegar o jeito',
  '2026-02-06T12:18:36.746Z'::timestamptz,
  '2026-02-06T12:18:36.746Z'::timestamptz,
  false
) ON CONFLICT (id) DO NOTHING;

INSERT INTO nfc_chat_messages (id, comunidade_slug, post_id, author_id, author_name, content, created_at, updated_at, is_ia)
VALUES (
  'msg_menstrual_3_0',
  'lipedema-dor-menstrual',
  'post_menstrual_4',
  'ghost_andre_active',
  'André Souza',
  'proteina: 1.6-2.2g/kg. mais q isso nao agrega. estudos mostram',
  '2026-02-07T10:59:36.746Z'::timestamptz,
  '2026-02-07T10:59:36.746Z'::timestamptz,
  false
) ON CONFLICT (id) DO NOTHING;

INSERT INTO nfc_chat_messages (id, comunidade_slug, post_id, author_id, author_name, content, created_at, updated_at, is_ia)
VALUES (
  'msg_menstrual_3_1',
  'lipedema-dor-menstrual',
  'post_menstrual_4',
  'ghost_rafaela22',
  'Rafaela Fernandes',
  'tem evidencia disso? pq tudo q eu li fala o contrario',
  '2026-02-07T11:11:36.746Z'::timestamptz,
  '2026-02-07T11:11:36.746Z'::timestamptz,
  false
) ON CONFLICT (id) DO NOTHING;

INSERT INTO nfc_chat_messages (id, comunidade_slug, post_id, author_id, author_name, content, created_at, updated_at, is_ia)
VALUES (
  'msg_menstrual_3_2',
  'lipedema-dor-menstrual',
  'post_menstrual_4',
  'ghost_fernando_alves',
  'Fernando Alves',
  'proteina: 1.6-2.2g/kg. mais q isso não agrega. estudos mostram',
  '2026-02-07T11:35:36.746Z'::timestamptz,
  '2026-02-07T11:35:36.746Z'::timestamptz,
  false
) ON CONFLICT (id) DO NOTHING;

INSERT INTO nfc_chat_messages (id, comunidade_slug, post_id, author_id, author_name, content, created_at, updated_at, is_ia)
VALUES (
  'msg_menstrual_3_3',
  'lipedema-dor-menstrual',
  'post_menstrual_4',
  'ghost_felipe45',
  'Felipe Barbosa',
  'No meu caso… hipertrofia funciona melhor em faixas de 8-12 reps com carga moderada',
  '2026-02-07T12:05:36.746Z'::timestamptz,
  '2026-02-07T12:05:36.746Z'::timestamptz,
  false
) ON CONFLICT (id) DO NOTHING;

INSERT INTO nfc_chat_messages (id, comunidade_slug, post_id, author_id, author_name, content, created_at, updated_at, is_ia)
VALUES (
  'msg_menstrual_3_4',
  'lipedema-dor-menstrual',
  'post_menstrual_4',
  'ghost_marianacastro',
  'Mariana Castro',
  'discordo. no meu caso foi totalmente diferente',
  '2026-02-07T12:46:36.746Z'::timestamptz,
  '2026-02-07T12:46:36.746Z'::timestamptz,
  false
) ON CONFLICT (id) DO NOTHING;

INSERT INTO nfc_chat_messages (id, comunidade_slug, post_id, author_id, author_name, content, created_at, updated_at, is_ia)
VALUES (
  'msg_menstrual_3_5',
  'lipedema-dor-menstrual',
  'post_menstrual_4',
  'ghost_fernando_alves',
  'Fernando Alves',
  'proteina: 1.6-2.2g/kg. mais q isso não agrega. estudos mostram',
  '2026-02-07T12:51:36.746Z'::timestamptz,
  '2026-02-07T12:51:36.746Z'::timestamptz,
  false
) ON CONFLICT (id) DO NOTHING;

INSERT INTO nfc_chat_messages (id, comunidade_slug, post_id, author_id, author_name, content, created_at, updated_at, is_ia)
VALUES (
  'msg_menstrual_3_6',
  'lipedema-dor-menstrual',
  'post_menstrual_4',
  'ghost_leandro_',
  'Leandro Costa',
  'proteina: 1.6-2.2g/kg. mais q isso não agrega. estudos mostram',
  '2026-02-07T12:59:36.746Z'::timestamptz,
  '2026-02-07T12:59:36.746Z'::timestamptz,
  false
) ON CONFLICT (id) DO NOTHING;

INSERT INTO nfc_chat_messages (id, comunidade_slug, post_id, author_id, author_name, content, created_at, updated_at, is_ia)
VALUES (
  'msg_menstrual_4_0',
  'lipedema-dor-menstrual',
  'post_menstrual_5',
  'ghost_fernando_alves',
  'Fernando Alves',
  'proteina: 1.6-2.2g/kg. mais q isso não agrega. estudos mostram',
  '2026-02-08T10:49:36.746Z'::timestamptz,
  '2026-02-08T10:49:36.746Z'::timestamptz,
  false
) ON CONFLICT (id) DO NOTHING;

INSERT INTO nfc_chat_messages (id, comunidade_slug, post_id, author_id, author_name, content, created_at, updated_at, is_ia)
VALUES (
  'msg_menstrual_4_1',
  'lipedema-dor-menstrual',
  'post_menstrual_5',
  'ghost_henrique_almeida',
  'Henrique Almeida',
  'hipertrofia funciona melhor em faixas de 8-12 reps com carga moderada',
  '2026-02-08T10:55:36.746Z'::timestamptz,
  '2026-02-08T10:55:36.746Z'::timestamptz,
  false
) ON CONFLICT (id) DO NOTHING;

INSERT INTO nfc_chat_messages (id, comunidade_slug, post_id, author_id, author_name, content, created_at, updated_at, is_ia)
VALUES (
  'msg_menstrual_4_2',
  'lipedema-dor-menstrual',
  'post_menstrual_5',
  'ghost_gabriela_rodrigues',
  'Gabriela Rodrigues',
  'Cara, comigo foi assim… eu fazia assim tb e não dava resultado. mudei pra X e melhorou',
  '2026-02-08T11:19:36.746Z'::timestamptz,
  '2026-02-08T11:19:36.746Z'::timestamptz,
  false
) ON CONFLICT (id) DO NOTHING;

INSERT INTO nfc_chat_messages (id, comunidade_slug, post_id, author_id, author_name, content, created_at, updated_at, is_ia)
VALUES (
  'msg_menstrual_4_3',
  'lipedema-dor-menstrual',
  'post_menstrual_5',
  'ghost_tatiana_ferreira',
  'Tatiana Ferreira',
  'no meu caso demorou uns 2 meses pra ver resultado. paciencia',
  '2026-02-08T11:43:36.746Z'::timestamptz,
  '2026-02-08T11:43:36.746Z'::timestamptz,
  false
) ON CONFLICT (id) DO NOTHING;

INSERT INTO nfc_chat_messages (id, comunidade_slug, post_id, author_id, author_name, content, created_at, updated_at, is_ia)
VALUES (
  'msg_menstrual_4_4',
  'lipedema-dor-menstrual',
  'post_menstrual_5',
  'ghost_rafaela22',
  'Rafaela Fernandes',
  'tenta aumentar a proteina pra 1.6-2g por kg. comigo funcionou',
  '2026-02-08T12:15:36.746Z'::timestamptz,
  '2026-02-08T12:15:36.746Z'::timestamptz,
  false
) ON CONFLICT (id) DO NOTHING;

INSERT INTO nfc_chat_messages (id, comunidade_slug, post_id, author_id, author_name, content, created_at, updated_at, is_ia)
VALUES (
  'msg_menstrual_4_5',
  'lipedema-dor-menstrual',
  'post_menstrual_5',
  'ghost_henrique_almeida',
  'Henrique Almeida',
  'eu fazia assim tb e não dava resultado. mudei pra X e melhorou',
  '2026-02-08T12:35:36.746Z'::timestamptz,
  '2026-02-08T12:35:36.746Z'::timestamptz,
  false
) ON CONFLICT (id) DO NOTHING;

INSERT INTO nfc_chat_messages (id, comunidade_slug, post_id, author_id, author_name, content, created_at, updated_at, is_ia)
VALUES (
  'msg_menstrual_4_6',
  'lipedema-dor-menstrual',
  'post_menstrual_5',
  'ia_facilitadora',
  'NutriFit Coach',
  'Dor ciclica nao é fraqueza. É fisiologia. Os hormonios realmente afetam o lipedema. O que mais te ajuda nesses dias: descanso ou adaptacao do treino?',
  '2026-02-08T12:51:36.746Z'::timestamptz,
  '2026-02-08T12:51:36.746Z'::timestamptz,
  true
) ON CONFLICT (id) DO NOTHING;

-- ✅ Arena 5 importada!
