-- ════════════════════════════════════════════════════════
-- ARENA 6: Glúteo Médio/Valgo
-- ════════════════════════════════════════════════════════

-- Ghost Users (24)
INSERT INTO "User" (id, email, name, username, avatar_url, bio, is_ghost_user, "createdAt", "updatedAt")
VALUES (
  'ghost_andre_saude',
  'andre_saude@yahoo.com.br',
  'André Alves',
  'andre_saude',
  'https://api.dicebear.com/7.x/avataaars/svg?seed=andre_saude',
  'Treino há uns 2 anos. Foco em perder barriga.',
  true,
  NOW(),
  NOW()
) ON CONFLICT (id) DO NOTHING;

INSERT INTO "User" (id, email, name, username, avatar_url, bio, is_ghost_user, "createdAt", "updatedAt")
VALUES (
  'ghost_priscila96',
  'priscila96@hotmail.com',
  'Priscila Souza',
  'priscila96',
  'https://api.dicebear.com/7.x/avataaars/svg?seed=priscila96',
  'Iniciante tentando ganhar massa muscular.',
  true,
  NOW(),
  NOW()
) ON CONFLICT (id) DO NOTHING;

INSERT INTO "User" (id, email, name, username, avatar_url, bio, is_ghost_user, "createdAt", "updatedAt")
VALUES (
  'ghost_igor_nascimento',
  'igor_nascimento@outlook.com',
  'Igor Nascimento',
  'igor_nascimento',
  'https://api.dicebear.com/7.x/avataaars/svg?seed=igor_nascimento',
  'Voltando a treinar depois de muito tempo parado.',
  true,
  NOW(),
  NOW()
) ON CONFLICT (id) DO NOTHING;

INSERT INTO "User" (id, email, name, username, avatar_url, bio, is_ghost_user, "createdAt", "updatedAt")
VALUES (
  'ghost_matheus_castro',
  'matheus_castro@hotmail.com',
  'Matheus Castro',
  'matheus_castro',
  'https://api.dicebear.com/7.x/avataaars/svg?seed=matheus_castro',
  'Iniciante tentando emagrecer.',
  true,
  NOW(),
  NOW()
) ON CONFLICT (id) DO NOTHING;

INSERT INTO "User" (id, email, name, username, avatar_url, bio, is_ghost_user, "createdAt", "updatedAt")
VALUES (
  'ghost_patricia4',
  'patricia4@gmail.com',
  'Patricia Barbosa',
  'patricia4',
  'https://api.dicebear.com/7.x/avataaars/svg?seed=patricia4',
  'Curtindo o processo.',
  true,
  NOW(),
  NOW()
) ON CONFLICT (id) DO NOTHING;

INSERT INTO "User" (id, email, name, username, avatar_url, bio, is_ghost_user, "createdAt", "updatedAt")
VALUES (
  'ghost_fernanda_soares',
  'fernanda_soares@hotmail.com',
  'Fernanda Soares',
  'fernanda_soares',
  'https://api.dicebear.com/7.x/avataaars/svg?seed=fernanda_soares',
  'Voltando a treinar depois de muito tempo parado.',
  true,
  NOW(),
  NOW()
) ON CONFLICT (id) DO NOTHING;

INSERT INTO "User" (id, email, name, username, avatar_url, bio, is_ghost_user, "createdAt", "updatedAt")
VALUES (
  'ghost_caiolopes',
  'caiolopes@hotmail.com',
  'Caio Lopes',
  'caiolopes',
  'https://api.dicebear.com/7.x/avataaars/svg?seed=caiolopes',
  'Voltando a treinar depois de muito tempo parado.',
  true,
  NOW(),
  NOW()
) ON CONFLICT (id) DO NOTHING;

INSERT INTO "User" (id, email, name, username, avatar_url, bio, is_ghost_user, "createdAt", "updatedAt")
VALUES (
  'ghost_amanda_rodrigues',
  'amanda_rodrigues@hotmail.com',
  'Amanda Rodrigues',
  'amanda_rodrigues',
  'https://api.dicebear.com/7.x/avataaars/svg?seed=amanda_rodrigues',
  'Novato, qualquer dica ajuda!',
  true,
  NOW(),
  NOW()
) ON CONFLICT (id) DO NOTHING;

INSERT INTO "User" (id, email, name, username, avatar_url, bio, is_ghost_user, "createdAt", "updatedAt")
VALUES (
  'ghost_bruno_dias',
  'bruno_dias@gmail.com',
  'Bruno Dias',
  'bruno_dias',
  'https://api.dicebear.com/7.x/avataaars/svg?seed=bruno_dias',
  'Treino regular, ainda aprendendo.',
  true,
  NOW(),
  NOW()
) ON CONFLICT (id) DO NOTHING;

INSERT INTO "User" (id, email, name, username, avatar_url, bio, is_ghost_user, "createdAt", "updatedAt")
VALUES (
  'ghost_priscila41',
  'priscila41@gmail.com',
  'Priscila Barbosa',
  'priscila41',
  'https://api.dicebear.com/7.x/avataaars/svg?seed=priscila41',
  'Intermediário buscando melhorar condicionamento.',
  true,
  NOW(),
  NOW()
) ON CONFLICT (id) DO NOTHING;

INSERT INTO "User" (id, email, name, username, avatar_url, bio, is_ghost_user, "createdAt", "updatedAt")
VALUES (
  'ghost_camilacosta',
  'camilacosta@hotmail.com',
  'Camila Costa',
  'camilacosta',
  'https://api.dicebear.com/7.x/avataaars/svg?seed=camilacosta',
  'Começando agora. Objetivo: ganhar massa muscular.',
  true,
  NOW(),
  NOW()
) ON CONFLICT (id) DO NOTHING;

INSERT INTO "User" (id, email, name, username, avatar_url, bio, is_ghost_user, "createdAt", "updatedAt")
VALUES (
  'ghost_rafael_soares',
  'rafael_soares@yahoo.com.br',
  'Rafael Soares',
  'rafael_soares',
  'https://api.dicebear.com/7.x/avataaars/svg?seed=rafael_soares',
  'Novato, qualquer dica ajuda!',
  true,
  NOW(),
  NOW()
) ON CONFLICT (id) DO NOTHING;

INSERT INTO "User" (id, email, name, username, avatar_url, bio, is_ghost_user, "createdAt", "updatedAt")
VALUES (
  'ghost_vanessa43',
  'vanessa43@hotmail.com',
  'Vanessa Fernandes',
  'vanessa43',
  'https://api.dicebear.com/7.x/avataaars/svg?seed=vanessa43',
  'Iniciante tentando voltar a treinar.',
  true,
  NOW(),
  NOW()
) ON CONFLICT (id) DO NOTHING;

INSERT INTO "User" (id, email, name, username, avatar_url, bio, is_ghost_user, "createdAt", "updatedAt")
VALUES (
  'ghost_gabriela_rocha',
  'gabriela_rocha@outlook.com',
  'Gabriela Rocha',
  'gabriela_rocha',
  'https://api.dicebear.com/7.x/avataaars/svg?seed=gabriela_rocha',
  'Novato, qualquer dica ajuda!',
  true,
  NOW(),
  NOW()
) ON CONFLICT (id) DO NOTHING;

INSERT INTO "User" (id, email, name, username, avatar_url, bio, is_ghost_user, "createdAt", "updatedAt")
VALUES (
  'ghost_vitorferreira',
  'vitorferreira@gmail.com',
  'Vitor Ferreira',
  'vitorferreira',
  'https://api.dicebear.com/7.x/avataaars/svg?seed=vitorferreira',
  'Curtindo o processo.',
  true,
  NOW(),
  NOW()
) ON CONFLICT (id) DO NOTHING;

INSERT INTO "User" (id, email, name, username, avatar_url, bio, is_ghost_user, "createdAt", "updatedAt")
VALUES (
  'ghost_henrique_almeida',
  'henrique_almeida@hotmail.com',
  'Henrique Almeida',
  'henrique_almeida',
  'https://api.dicebear.com/7.x/avataaars/svg?seed=henrique_almeida',
  'Iniciante tentando correr melhor.',
  true,
  NOW(),
  NOW()
) ON CONFLICT (id) DO NOTHING;

INSERT INTO "User" (id, email, name, username, avatar_url, bio, is_ghost_user, "createdAt", "updatedAt")
VALUES (
  'ghost_rafaelcosta',
  'rafaelcosta@outlook.com',
  'Rafael Costa',
  'rafaelcosta',
  'https://api.dicebear.com/7.x/avataaars/svg?seed=rafaelcosta',
  'Intermediário buscando ficar saudável.',
  true,
  NOW(),
  NOW()
) ON CONFLICT (id) DO NOTHING;

INSERT INTO "User" (id, email, name, username, avatar_url, bio, is_ghost_user, "createdAt", "updatedAt")
VALUES (
  'ghost_henrique0',
  'henrique0@yahoo.com.br',
  'Henrique Lima',
  'henrique0',
  'https://api.dicebear.com/7.x/avataaars/svg?seed=henrique0',
  'Intermediário buscando melhorar postura.',
  true,
  NOW(),
  NOW()
) ON CONFLICT (id) DO NOTHING;

INSERT INTO "User" (id, email, name, username, avatar_url, bio, is_ghost_user, "createdAt", "updatedAt")
VALUES (
  'ghost_priscilaferreira',
  'priscilaferreira@hotmail.com',
  'Priscila Ferreira',
  'priscilaferreira',
  'https://api.dicebear.com/7.x/avataaars/svg?seed=priscilaferreira',
  'Começando agora. Objetivo: voltar a treinar.',
  true,
  NOW(),
  NOW()
) ON CONFLICT (id) DO NOTHING;

INSERT INTO "User" (id, email, name, username, avatar_url, bio, is_ghost_user, "createdAt", "updatedAt")
VALUES (
  'ghost_andre_active',
  'andre_active@hotmail.com',
  'André Souza',
  'andre_active',
  'https://api.dicebear.com/7.x/avataaars/svg?seed=andre_active',
  'Começando agora. Objetivo: definir.',
  true,
  NOW(),
  NOW()
) ON CONFLICT (id) DO NOTHING;

INSERT INTO "User" (id, email, name, username, avatar_url, bio, is_ghost_user, "createdAt", "updatedAt")
VALUES (
  'ghost_leandro_',
  'leandro_@yahoo.com.br',
  'Leandro Costa',
  'leandro_',
  'https://api.dicebear.com/7.x/avataaars/svg?seed=leandro_',
  'Baseio tudo em evidência.',
  true,
  NOW(),
  NOW()
) ON CONFLICT (id) DO NOTHING;

INSERT INTO "User" (id, email, name, username, avatar_url, bio, is_ghost_user, "createdAt", "updatedAt")
VALUES (
  'ghost_vanessabarbosa',
  'vanessabarbosa@yahoo.com.br',
  'Vanessa Barbosa',
  'vanessabarbosa',
  'https://api.dicebear.com/7.x/avataaars/svg?seed=vanessabarbosa',
  'Novato, qualquer dica ajuda!',
  true,
  NOW(),
  NOW()
) ON CONFLICT (id) DO NOTHING;

INSERT INTO "User" (id, email, name, username, avatar_url, bio, is_ghost_user, "createdAt", "updatedAt")
VALUES (
  'ghost_henrique_active',
  'henrique_active@yahoo.com.br',
  'Henrique Oliveira',
  'henrique_active',
  'https://api.dicebear.com/7.x/avataaars/svg?seed=henrique_active',
  'Novato, qualquer dica ajuda!',
  true,
  NOW(),
  NOW()
) ON CONFLICT (id) DO NOTHING;

INSERT INTO "User" (id, email, name, username, avatar_url, bio, is_ghost_user, "createdAt", "updatedAt")
VALUES (
  'ghost_carlos_almeida',
  'carlos_almeida@gmail.com',
  'Carlos Almeida',
  'carlos_almeida',
  'https://api.dicebear.com/7.x/avataaars/svg?seed=carlos_almeida',
  'Voltando a treinar depois de muito tempo parado.',
  true,
  NOW(),
  NOW()
) ON CONFLICT (id) DO NOTHING;

-- Threads (5)
INSERT INTO "Post" (id, "arenaId", "userId", content, "isPublished", "createdAt", "updatedAt")
VALUES (
  'post_gluteo_medio_1',
  'arena_gluteo_medio',
  'ghost_andre_saude',
  'qdo fortaleco meu joelho doi menos

comecei a treinar glúteo médio específico e meu joelho parou de doer qdo corro. a diferença é clara',
  true,
  '2026-02-04T10:23:36.747Z'::timestamptz,
  '2026-02-04T10:23:36.747Z'::timestamptz
) ON CONFLICT (id) DO NOTHING;

INSERT INTO "Post" (id, "arenaId", "userId", content, "isPublished", "createdAt", "updatedAt")
VALUES (
  'post_gluteo_medio_2',
  'arena_gluteo_medio',
  'ghost_patricia4',
  'sozinha nao resolveu

fiz só abdutora por meses mas não resolveu. qdo combinei com agachamento e unilateral aí sim melhorou',
  true,
  '2026-02-05T10:23:36.747Z'::timestamptz,
  '2026-02-05T10:23:36.747Z'::timestamptz
) ON CONFLICT (id) DO NOTHING;

INSERT INTO "Post" (id, "arenaId", "userId", content, "isPublished", "createdAt", "updatedAt")
VALUES (
  'post_gluteo_medio_3',
  'arena_gluteo_medio',
  'ghost_bruno_dias',
  'gluteo medio muda formato do quadril

fortalecer glúteo médio realmente muda o formato do quadril ou é só melhora de postura',
  true,
  '2026-02-06T10:23:36.747Z'::timestamptz,
  '2026-02-06T10:23:36.747Z'::timestamptz
) ON CONFLICT (id) DO NOTHING;

INSERT INTO "Post" (id, "arenaId", "userId", content, "isPublished", "createdAt", "updatedAt")
VALUES (
  'post_gluteo_medio_4',
  'arena_gluteo_medio',
  'ghost_priscila41',
  'gluteo medio muda formato do quadril?

fortalecer glúteo médio realmente muda o formato do quadril ou é só melhora de postura',
  true,
  '2026-02-07T10:23:36.747Z'::timestamptz,
  '2026-02-07T10:23:36.747Z'::timestamptz
) ON CONFLICT (id) DO NOTHING;

INSERT INTO "Post" (id, "arenaId", "userId", content, "isPublished", "createdAt", "updatedAt")
VALUES (
  'post_gluteo_medio_5',
  'arena_gluteo_medio',
  'ghost_leandro_',
  'valgo dinamico é sempre problema?

todo mundo fala mal de valgo dinâmico mas será que sempre é problema? ou depende do grau e da pessoa?',
  true,
  '2026-02-08T10:23:36.747Z'::timestamptz,
  '2026-02-08T10:23:36.747Z'::timestamptz
) ON CONFLICT (id) DO NOTHING;

-- Mensagens (25)
INSERT INTO nfc_chat_messages (id, comunidade_slug, post_id, author_id, author_name, content, created_at, updated_at, is_ia)
VALUES (
  'msg_gluteo_medio_0_0',
  'gluteo-medio-valgo',
  'post_gluteo_medio_1',
  'ghost_priscila96',
  'Priscila Souza',
  'cara ja passei por isso tb... é frustrante demais mas nao desiste',
  '2026-02-04T10:42:36.747Z'::timestamptz,
  '2026-02-04T10:42:36.747Z'::timestamptz,
  false
) ON CONFLICT (id) DO NOTHING;

INSERT INTO nfc_chat_messages (id, comunidade_slug, post_id, author_id, author_name, content, created_at, updated_at, is_ia)
VALUES (
  'msg_gluteo_medio_0_1',
  'gluteo-medio-valgo',
  'post_gluteo_medio_1',
  'ghost_igor_nascimento',
  'Igor Nascimento',
  'to na mesma situacao q vc. vamos junto!',
  '2026-02-04T11:02:36.747Z'::timestamptz,
  '2026-02-04T11:02:36.747Z'::timestamptz,
  false
) ON CONFLICT (id) DO NOTHING;

INSERT INTO nfc_chat_messages (id, comunidade_slug, post_id, author_id, author_name, content, created_at, updated_at, is_ia)
VALUES (
  'msg_gluteo_medio_0_2',
  'gluteo-medio-valgo',
  'post_gluteo_medio_1',
  'ghost_matheus_castro',
  'Matheus Castro',
  'Cara, comigo foi assim… comigo tb foi assim. levou uns 3 meses pra pegar o jeito',
  '2026-02-04T11:22:36.747Z'::timestamptz,
  '2026-02-04T11:22:36.747Z'::timestamptz,
  false
) ON CONFLICT (id) DO NOTHING;

INSERT INTO nfc_chat_messages (id, comunidade_slug, post_id, author_id, author_name, content, created_at, updated_at, is_ia)
VALUES (
  'msg_gluteo_medio_1_0',
  'gluteo-medio-valgo',
  'post_gluteo_medio_2',
  'ghost_fernanda_soares',
  'Fernanda Soares',
  'Já passei por isso… cara ja passei por isso tb... é frustrante demais mas nao desiste',
  '2026-02-05T10:57:36.747Z'::timestamptz,
  '2026-02-05T10:57:36.747Z'::timestamptz,
  false
) ON CONFLICT (id) DO NOTHING;

INSERT INTO nfc_chat_messages (id, comunidade_slug, post_id, author_id, author_name, content, created_at, updated_at, is_ia)
VALUES (
  'msg_gluteo_medio_1_1',
  'gluteo-medio-valgo',
  'post_gluteo_medio_2',
  'ghost_priscila96',
  'Priscila Souza',
  'Eu achava que era frescura, mas… comigo tb foi assim... levou uns 3 meses pra pegar o jeito',
  '2026-02-05T11:14:36.747Z'::timestamptz,
  '2026-02-05T11:14:36.747Z'::timestamptz,
  false
) ON CONFLICT (id) DO NOTHING;

INSERT INTO nfc_chat_messages (id, comunidade_slug, post_id, author_id, author_name, content, created_at, updated_at, is_ia)
VALUES (
  'msg_gluteo_medio_1_2',
  'gluteo-medio-valgo',
  'post_gluteo_medio_2',
  'ghost_caiolopes',
  'Caio Lopes',
  'normal isso no começo. depois melhora',
  '2026-02-05T11:38:36.747Z'::timestamptz,
  '2026-02-05T11:38:36.747Z'::timestamptz,
  false
) ON CONFLICT (id) DO NOTHING;

INSERT INTO nfc_chat_messages (id, comunidade_slug, post_id, author_id, author_name, content, created_at, updated_at, is_ia)
VALUES (
  'msg_gluteo_medio_1_3',
  'gluteo-medio-valgo',
  'post_gluteo_medio_2',
  'ghost_amanda_rodrigues',
  'Amanda Rodrigues',
  'Cara, comigo foi assim… normal isso no começo. depois melhora',
  '2026-02-05T12:15:36.747Z'::timestamptz,
  '2026-02-05T12:15:36.747Z'::timestamptz,
  false
) ON CONFLICT (id) DO NOTHING;

INSERT INTO nfc_chat_messages (id, comunidade_slug, post_id, author_id, author_name, content, created_at, updated_at, is_ia)
VALUES (
  'msg_gluteo_medio_2_0',
  'gluteo-medio-valgo',
  'post_gluteo_medio_3',
  'ghost_priscila41',
  'Priscila Barbosa',
  'diminui o peso e foca na tecnica primeiro. melhor fazer bem feito do q jogar peso',
  '2026-02-06T10:48:36.747Z'::timestamptz,
  '2026-02-06T10:48:36.747Z'::timestamptz,
  false
) ON CONFLICT (id) DO NOTHING;

INSERT INTO nfc_chat_messages (id, comunidade_slug, post_id, author_id, author_name, content, created_at, updated_at, is_ia)
VALUES (
  'msg_gluteo_medio_2_1',
  'gluteo-medio-valgo',
  'post_gluteo_medio_3',
  'ghost_camilacosta',
  'Camila Costa',
  'diminui o peso e foca na tecnica primeiro. melhor fazer bem feito do q jogar peso',
  '2026-02-06T11:09:36.747Z'::timestamptz,
  '2026-02-06T11:09:36.747Z'::timestamptz,
  false
) ON CONFLICT (id) DO NOTHING;

INSERT INTO nfc_chat_messages (id, comunidade_slug, post_id, author_id, author_name, content, created_at, updated_at, is_ia)
VALUES (
  'msg_gluteo_medio_2_2',
  'gluteo-medio-valgo',
  'post_gluteo_medio_3',
  'ghost_rafael_soares',
  'Rafael Soares',
  'experimenta treinar em jejum. pra mim fez diferenca',
  '2026-02-06T11:30:36.747Z'::timestamptz,
  '2026-02-06T11:30:36.747Z'::timestamptz,
  false
) ON CONFLICT (id) DO NOTHING;

INSERT INTO nfc_chat_messages (id, comunidade_slug, post_id, author_id, author_name, content, created_at, updated_at, is_ia)
VALUES (
  'msg_gluteo_medio_2_3',
  'gluteo-medio-valgo',
  'post_gluteo_medio_3',
  'ghost_vanessa43',
  'Vanessa Fernandes',
  'Cara, comigo foi assim… diminui o peso e foca na tecnica primeiro. melhor fazer bem feito do q jogar peso',
  '2026-02-06T11:50:36.747Z'::timestamptz,
  '2026-02-06T11:50:36.747Z'::timestamptz,
  false
) ON CONFLICT (id) DO NOTHING;

INSERT INTO nfc_chat_messages (id, comunidade_slug, post_id, author_id, author_name, content, created_at, updated_at, is_ia)
VALUES (
  'msg_gluteo_medio_2_4',
  'gluteo-medio-valgo',
  'post_gluteo_medio_3',
  'ghost_gabriela_rocha',
  'Gabriela Rocha',
  'to na mesma situacao q vc. vamos junto!',
  '2026-02-06T12:32:36.747Z'::timestamptz,
  '2026-02-06T12:32:36.747Z'::timestamptz,
  false
) ON CONFLICT (id) DO NOTHING;

INSERT INTO nfc_chat_messages (id, comunidade_slug, post_id, author_id, author_name, content, created_at, updated_at, is_ia)
VALUES (
  'msg_gluteo_medio_2_5',
  'gluteo-medio-valgo',
  'post_gluteo_medio_3',
  'ghost_vitorferreira',
  'Vitor Ferreira',
  'eu fazia assim tb e nao dava resultado... mudei pra X e melhorou',
  '2026-02-06T13:16:36.747Z'::timestamptz,
  '2026-02-06T13:16:36.747Z'::timestamptz,
  false
) ON CONFLICT (id) DO NOTHING;

INSERT INTO nfc_chat_messages (id, comunidade_slug, post_id, author_id, author_name, content, created_at, updated_at, is_ia)
VALUES (
  'msg_gluteo_medio_2_6',
  'gluteo-medio-valgo',
  'post_gluteo_medio_3',
  'ghost_igor_nascimento',
  'Igor Nascimento',
  'diminui o peso e foca na tecnica primeiro. melhor fazer bem feito do q jogar peso',
  '2026-02-06T13:26:36.747Z'::timestamptz,
  '2026-02-06T13:26:36.747Z'::timestamptz,
  false
) ON CONFLICT (id) DO NOTHING;

INSERT INTO nfc_chat_messages (id, comunidade_slug, post_id, author_id, author_name, content, created_at, updated_at, is_ia)
VALUES (
  'msg_gluteo_medio_3_0',
  'gluteo-medio-valgo',
  'post_gluteo_medio_4',
  'ghost_henrique_almeida',
  'Henrique Almeida',
  'Eu achava que era frescura, mas… experimenta treinar em jejum. pra mim fez diferenca',
  '2026-02-07T10:33:36.747Z'::timestamptz,
  '2026-02-07T10:33:36.747Z'::timestamptz,
  false
) ON CONFLICT (id) DO NOTHING;

INSERT INTO nfc_chat_messages (id, comunidade_slug, post_id, author_id, author_name, content, created_at, updated_at, is_ia)
VALUES (
  'msg_gluteo_medio_3_1',
  'gluteo-medio-valgo',
  'post_gluteo_medio_4',
  'ghost_rafaelcosta',
  'Rafael Costa',
  'no meu caso demorou uns 2 meses pra ver resultado... paciencia',
  '2026-02-07T11:14:36.747Z'::timestamptz,
  '2026-02-07T11:14:36.747Z'::timestamptz,
  false
) ON CONFLICT (id) DO NOTHING;

INSERT INTO nfc_chat_messages (id, comunidade_slug, post_id, author_id, author_name, content, created_at, updated_at, is_ia)
VALUES (
  'msg_gluteo_medio_3_2',
  'gluteo-medio-valgo',
  'post_gluteo_medio_4',
  'ghost_henrique0',
  'Henrique Lima',
  'no meu caso demorou uns 2 meses pra ver resultado. paciencia',
  '2026-02-07T11:58:36.747Z'::timestamptz,
  '2026-02-07T11:58:36.747Z'::timestamptz,
  false
) ON CONFLICT (id) DO NOTHING;

INSERT INTO nfc_chat_messages (id, comunidade_slug, post_id, author_id, author_name, content, created_at, updated_at, is_ia)
VALUES (
  'msg_gluteo_medio_3_3',
  'gluteo-medio-valgo',
  'post_gluteo_medio_4',
  'ghost_priscilaferreira',
  'Priscila Ferreira',
  'diminui o peso e foca na tecnica primeiro. melhor fazer bem feito do q jogar peso',
  '2026-02-07T12:39:36.747Z'::timestamptz,
  '2026-02-07T12:39:36.747Z'::timestamptz,
  false
) ON CONFLICT (id) DO NOTHING;

INSERT INTO nfc_chat_messages (id, comunidade_slug, post_id, author_id, author_name, content, created_at, updated_at, is_ia)
VALUES (
  'msg_gluteo_medio_3_4',
  'gluteo-medio-valgo',
  'post_gluteo_medio_4',
  'ghost_andre_active',
  'André Souza',
  'eu fazia assim tb e nao dava resultado. mudei pra X e melhorou',
  '2026-02-07T12:55:36.747Z'::timestamptz,
  '2026-02-07T12:55:36.747Z'::timestamptz,
  false
) ON CONFLICT (id) DO NOTHING;

INSERT INTO nfc_chat_messages (id, comunidade_slug, post_id, author_id, author_name, content, created_at, updated_at, is_ia)
VALUES (
  'msg_gluteo_medio_3_5',
  'gluteo-medio-valgo',
  'post_gluteo_medio_4',
  'ghost_vanessa43',
  'Vanessa Fernandes',
  'diminui o peso e foca na tecnica primeiro. melhor fazer bem feito do q jogar peso',
  '2026-02-07T13:14:36.747Z'::timestamptz,
  '2026-02-07T13:14:36.747Z'::timestamptz,
  false
) ON CONFLICT (id) DO NOTHING;

INSERT INTO nfc_chat_messages (id, comunidade_slug, post_id, author_id, author_name, content, created_at, updated_at, is_ia)
VALUES (
  'msg_gluteo_medio_4_0',
  'gluteo-medio-valgo',
  'post_gluteo_medio_5',
  'ghost_vanessabarbosa',
  'Vanessa Barbosa',
  'Já passei por isso… hipertrofia funciona melhor em faixas de 8-12 reps com carga moderada',
  '2026-02-08T11:08:36.747Z'::timestamptz,
  '2026-02-08T11:08:36.747Z'::timestamptz,
  false
) ON CONFLICT (id) DO NOTHING;

INSERT INTO nfc_chat_messages (id, comunidade_slug, post_id, author_id, author_name, content, created_at, updated_at, is_ia)
VALUES (
  'msg_gluteo_medio_4_1',
  'gluteo-medio-valgo',
  'post_gluteo_medio_5',
  'ghost_igor_nascimento',
  'Igor Nascimento',
  'discordo. no meu caso foi totalmente diferente',
  '2026-02-08T11:44:36.747Z'::timestamptz,
  '2026-02-08T11:44:36.747Z'::timestamptz,
  false
) ON CONFLICT (id) DO NOTHING;

INSERT INTO nfc_chat_messages (id, comunidade_slug, post_id, author_id, author_name, content, created_at, updated_at, is_ia)
VALUES (
  'msg_gluteo_medio_4_2',
  'gluteo-medio-valgo',
  'post_gluteo_medio_5',
  'ghost_henrique_active',
  'Henrique Oliveira',
  'deficit calorico é oq importa no final. pode comer carbo a noite sim',
  '2026-02-08T12:11:36.747Z'::timestamptz,
  '2026-02-08T12:11:36.747Z'::timestamptz,
  false
) ON CONFLICT (id) DO NOTHING;

INSERT INTO nfc_chat_messages (id, comunidade_slug, post_id, author_id, author_name, content, created_at, updated_at, is_ia)
VALUES (
  'msg_gluteo_medio_4_3',
  'gluteo-medio-valgo',
  'post_gluteo_medio_5',
  'ghost_carlos_almeida',
  'Carlos Almeida',
  'Já passei por isso… proteina: 1.6-2.2g/kg. mais q isso não agrega. estudos mostram',
  '2026-02-08T12:33:36.747Z'::timestamptz,
  '2026-02-08T12:33:36.747Z'::timestamptz,
  false
) ON CONFLICT (id) DO NOTHING;

INSERT INTO nfc_chat_messages (id, comunidade_slug, post_id, author_id, author_name, content, created_at, updated_at, is_ia)
VALUES (
  'msg_gluteo_medio_4_4',
  'gluteo-medio-valgo',
  'post_gluteo_medio_5',
  'ghost_priscilaferreira',
  'Priscila Ferreira',
  'hipertrofia funciona melhor em faixas de 8-12 reps com carga moderada',
  '2026-02-08T12:55:36.747Z'::timestamptz,
  '2026-02-08T12:55:36.747Z'::timestamptz,
  false
) ON CONFLICT (id) DO NOTHING;

-- ✅ Arena 6 importada!
