-- ════════════════════════════════════════════════════════
-- ARENA 7: Liberação Miofascial
-- ════════════════════════════════════════════════════════

-- Ghost Users (20)
INSERT INTO "User" (id, email, name, username, avatar_url, bio, is_ghost_user, "createdAt", "updatedAt")
VALUES (
  'ghost_priscilaferreira',
  'priscilaferreira@hotmail.com',
  'Priscila Ferreira',
  'priscilaferreira',
  'https://api.dicebear.com/7.x/avataaars/svg?seed=priscilaferreira',
  'Começando agora. Objetivo: voltar a treinar.',
  true,
  NOW(),
  NOW()
) ON CONFLICT (id) DO NOTHING;

INSERT INTO "User" (id, email, name, username, avatar_url, bio, is_ghost_user, "createdAt", "updatedAt")
VALUES (
  'ghost_rafaela63',
  'rafaela63@gmail.com',
  'Rafaela Oliveira',
  'rafaela63',
  'https://api.dicebear.com/7.x/avataaars/svg?seed=rafaela63',
  'Novato, qualquer dica ajuda!',
  true,
  NOW(),
  NOW()
) ON CONFLICT (id) DO NOTHING;

INSERT INTO "User" (id, email, name, username, avatar_url, bio, is_ghost_user, "createdAt", "updatedAt")
VALUES (
  'ghost_carlos_almeida',
  'carlos_almeida@gmail.com',
  'Carlos Almeida',
  'carlos_almeida',
  'https://api.dicebear.com/7.x/avataaars/svg?seed=carlos_almeida',
  'Voltando a treinar depois de muito tempo parado.',
  true,
  NOW(),
  NOW()
) ON CONFLICT (id) DO NOTHING;

INSERT INTO "User" (id, email, name, username, avatar_url, bio, is_ghost_user, "createdAt", "updatedAt")
VALUES (
  'ghost_andre_active',
  'andre_active@hotmail.com',
  'André Souza',
  'andre_active',
  'https://api.dicebear.com/7.x/avataaars/svg?seed=andre_active',
  'Começando agora. Objetivo: definir.',
  true,
  NOW(),
  NOW()
) ON CONFLICT (id) DO NOTHING;

INSERT INTO "User" (id, email, name, username, avatar_url, bio, is_ghost_user, "createdAt", "updatedAt")
VALUES (
  'ghost_rafaelcosta',
  'rafaelcosta@outlook.com',
  'Rafael Costa',
  'rafaelcosta',
  'https://api.dicebear.com/7.x/avataaars/svg?seed=rafaelcosta',
  'Intermediário buscando ficar saudável.',
  true,
  NOW(),
  NOW()
) ON CONFLICT (id) DO NOTHING;

INSERT INTO "User" (id, email, name, username, avatar_url, bio, is_ghost_user, "createdAt", "updatedAt")
VALUES (
  'ghost_patricia4',
  'patricia4@gmail.com',
  'Patricia Barbosa',
  'patricia4',
  'https://api.dicebear.com/7.x/avataaars/svg?seed=patricia4',
  'Curtindo o processo.',
  true,
  NOW(),
  NOW()
) ON CONFLICT (id) DO NOTHING;

INSERT INTO "User" (id, email, name, username, avatar_url, bio, is_ghost_user, "createdAt", "updatedAt")
VALUES (
  'ghost_rafael_soares',
  'rafael_soares@yahoo.com.br',
  'Rafael Soares',
  'rafael_soares',
  'https://api.dicebear.com/7.x/avataaars/svg?seed=rafael_soares',
  'Novato, qualquer dica ajuda!',
  true,
  NOW(),
  NOW()
) ON CONFLICT (id) DO NOTHING;

INSERT INTO "User" (id, email, name, username, avatar_url, bio, is_ghost_user, "createdAt", "updatedAt")
VALUES (
  'ghost_fernando_alves',
  'fernando_alves@outlook.com',
  'Fernando Alves',
  'fernando_alves',
  'https://api.dicebear.com/7.x/avataaars/svg?seed=fernando_alves',
  'Começando agora. Objetivo: definir.',
  true,
  NOW(),
  NOW()
) ON CONFLICT (id) DO NOTHING;

INSERT INTO "User" (id, email, name, username, avatar_url, bio, is_ghost_user, "createdAt", "updatedAt")
VALUES (
  'ghost_andre_saude',
  'andre_saude@yahoo.com.br',
  'André Alves',
  'andre_saude',
  'https://api.dicebear.com/7.x/avataaars/svg?seed=andre_saude',
  'Treino há uns 2 anos. Foco em perder barriga.',
  true,
  NOW(),
  NOW()
) ON CONFLICT (id) DO NOTHING;

INSERT INTO "User" (id, email, name, username, avatar_url, bio, is_ghost_user, "createdAt", "updatedAt")
VALUES (
  'ghost_amanda70',
  'amanda70@gmail.com',
  'Amanda Ferreira',
  'amanda70',
  'https://api.dicebear.com/7.x/avataaars/svg?seed=amanda70',
  'Voltando a treinar depois de muito tempo parado.',
  true,
  NOW(),
  NOW()
) ON CONFLICT (id) DO NOTHING;

INSERT INTO "User" (id, email, name, username, avatar_url, bio, is_ghost_user, "createdAt", "updatedAt")
VALUES (
  'ghost_carolina_vieira',
  'carolina_vieira@yahoo.com.br',
  'Carolina Vieira',
  'carolina_vieira',
  'https://api.dicebear.com/7.x/avataaars/svg?seed=carolina_vieira',
  'Voltando a treinar depois de muito tempo parado.',
  true,
  NOW(),
  NOW()
) ON CONFLICT (id) DO NOTHING;

INSERT INTO "User" (id, email, name, username, avatar_url, bio, is_ghost_user, "createdAt", "updatedAt")
VALUES (
  'ghost_bruno_dias',
  'bruno_dias@gmail.com',
  'Bruno Dias',
  'bruno_dias',
  'https://api.dicebear.com/7.x/avataaars/svg?seed=bruno_dias',
  'Treino regular, ainda aprendendo.',
  true,
  NOW(),
  NOW()
) ON CONFLICT (id) DO NOTHING;

INSERT INTO "User" (id, email, name, username, avatar_url, bio, is_ghost_user, "createdAt", "updatedAt")
VALUES (
  'ghost_henrique0',
  'henrique0@yahoo.com.br',
  'Henrique Lima',
  'henrique0',
  'https://api.dicebear.com/7.x/avataaars/svg?seed=henrique0',
  'Intermediário buscando melhorar postura.',
  true,
  NOW(),
  NOW()
) ON CONFLICT (id) DO NOTHING;

INSERT INTO "User" (id, email, name, username, avatar_url, bio, is_ghost_user, "createdAt", "updatedAt")
VALUES (
  'ghost_rafaela22',
  'rafaela22@yahoo.com.br',
  'Rafaela Fernandes',
  'rafaela22',
  'https://api.dicebear.com/7.x/avataaars/svg?seed=rafaela22',
  'Baseio tudo em evidência.',
  true,
  NOW(),
  NOW()
) ON CONFLICT (id) DO NOTHING;

INSERT INTO "User" (id, email, name, username, avatar_url, bio, is_ghost_user, "createdAt", "updatedAt")
VALUES (
  'ghost_caiolopes',
  'caiolopes@hotmail.com',
  'Caio Lopes',
  'caiolopes',
  'https://api.dicebear.com/7.x/avataaars/svg?seed=caiolopes',
  'Voltando a treinar depois de muito tempo parado.',
  true,
  NOW(),
  NOW()
) ON CONFLICT (id) DO NOTHING;

INSERT INTO "User" (id, email, name, username, avatar_url, bio, is_ghost_user, "createdAt", "updatedAt")
VALUES (
  'ghost_priscila_fernandes',
  'priscila_fernandes@hotmail.com',
  'Priscila Fernandes',
  'priscila_fernandes',
  'https://api.dicebear.com/7.x/avataaars/svg?seed=priscila_fernandes',
  'Iniciante tentando melhorar postura.',
  true,
  NOW(),
  NOW()
) ON CONFLICT (id) DO NOTHING;

INSERT INTO "User" (id, email, name, username, avatar_url, bio, is_ghost_user, "createdAt", "updatedAt")
VALUES (
  'ghost_vitorferreira',
  'vitorferreira@gmail.com',
  'Vitor Ferreira',
  'vitorferreira',
  'https://api.dicebear.com/7.x/avataaars/svg?seed=vitorferreira',
  'Curtindo o processo.',
  true,
  NOW(),
  NOW()
) ON CONFLICT (id) DO NOTHING;

INSERT INTO "User" (id, email, name, username, avatar_url, bio, is_ghost_user, "createdAt", "updatedAt")
VALUES (
  'ghost_sabrina_',
  'sabrina_@hotmail.com',
  'Sabrina Souza',
  'sabrina_',
  'https://api.dicebear.com/7.x/avataaars/svg?seed=sabrina_',
  'Voltando a treinar depois de muito tempo parado.',
  true,
  NOW(),
  NOW()
) ON CONFLICT (id) DO NOTHING;

INSERT INTO "User" (id, email, name, username, avatar_url, bio, is_ghost_user, "createdAt", "updatedAt")
VALUES (
  'ghost_felipe_martins',
  'felipe_martins@hotmail.com',
  'Felipe Martins',
  'felipe_martins',
  'https://api.dicebear.com/7.x/avataaars/svg?seed=felipe_martins',
  'Sempre buscando evolução.',
  true,
  NOW(),
  NOW()
) ON CONFLICT (id) DO NOTHING;

INSERT INTO "User" (id, email, name, username, avatar_url, bio, is_ghost_user, "createdAt", "updatedAt")
VALUES (
  'ghost_carolinalopes',
  'carolinalopes@yahoo.com.br',
  'Carolina Lopes',
  'carolinalopes',
  'https://api.dicebear.com/7.x/avataaars/svg?seed=carolinalopes',
  'Apaixonado por treino.',
  true,
  NOW(),
  NOW()
) ON CONFLICT (id) DO NOTHING;

-- Threads (5)
INSERT INTO "Post" (id, "arenaId", "userId", content, "isPublished", "createdAt", "updatedAt")
VALUES (
  'post_miofascial_1',
  'arena_miofascial',
  'ghost_priscilaferreira',
  'vale a pena investir em liberacao miofascial?

to querendo comprar rolo ou pistola de massagem mas são caros. vale mesmo a pena ou é só marketing?',
  true,
  '2026-02-04T10:23:36.748Z'::timestamptz,
  '2026-02-04T10:23:36.748Z'::timestamptz
) ON CONFLICT (id) DO NOTHING;

INSERT INTO "Post" (id, "arenaId", "userId", content, "isPublished", "createdAt", "updatedAt")
VALUES (
  'post_miofascial_2',
  'arena_miofascial',
  'ghost_patricia4',
  'ajuda na dor nao resolve tudo

liberação miofascial realmente ajuda na dor e deixa as pernas mais leves, mas nao resolve o lipedema. é complementar',
  true,
  '2026-02-05T10:23:36.748Z'::timestamptz,
  '2026-02-05T10:23:36.748Z'::timestamptz
) ON CONFLICT (id) DO NOTHING;

INSERT INTO "Post" (id, "arenaId", "userId", content, "isPublished", "createdAt", "updatedAt")
VALUES (
  'post_miofascial_3',
  'arena_miofascial',
  'ghost_amanda70',
  'Eu achava que era frescura, mas… quanto tempo fazer liberacao

não sou especialista. mas… quanto tempo devo fazer liberação miofascial? 5 minutos? 30 minutos? todo dia ou só depois do treino?',
  true,
  '2026-02-06T10:23:36.748Z'::timestamptz,
  '2026-02-06T10:23:36.748Z'::timestamptz
) ON CONFLICT (id) DO NOTHING;

INSERT INTO "Post" (id, "arenaId", "userId", content, "isPublished", "createdAt", "updatedAt")
VALUES (
  'post_miofascial_4',
  'arena_miofascial',
  'ghost_rafaelcosta',
  'diferenca entre liberacao e massagem comum?

qual a diferença real entre liberação miofascial e uma massagem comum? ou é só nome diferente pra mesma coisa?',
  true,
  '2026-02-07T10:23:36.748Z'::timestamptz,
  '2026-02-07T10:23:36.748Z'::timestamptz
) ON CONFLICT (id) DO NOTHING;

INSERT INTO "Post" (id, "arenaId", "userId", content, "isPublished", "createdAt", "updatedAt")
VALUES (
  'post_miofascial_5',
  'arena_miofascial',
  'ghost_vitorferreira',
  'ajuda na dor nao resolve tudo

liberação miofascial realmente ajuda na dor e deixa as pernas mais leves, mas não resolve o lipedema. é complementar',
  true,
  '2026-02-08T10:23:36.748Z'::timestamptz,
  '2026-02-08T10:23:36.748Z'::timestamptz
) ON CONFLICT (id) DO NOTHING;

-- Mensagens (20)
INSERT INTO nfc_chat_messages (id, comunidade_slug, post_id, author_id, author_name, content, created_at, updated_at, is_ia)
VALUES (
  'msg_miofascial_0_0',
  'liberacao-miofascial-lipedema',
  'post_miofascial_1',
  'ghost_rafaela63',
  'Rafaela Oliveira',
  'proteina: 1.6-2.2g/kg. mais q isso nao agrega... estudos mostram',
  '2026-02-04T10:55:36.748Z'::timestamptz,
  '2026-02-04T10:55:36.748Z'::timestamptz,
  false
) ON CONFLICT (id) DO NOTHING;

INSERT INTO nfc_chat_messages (id, comunidade_slug, post_id, author_id, author_name, content, created_at, updated_at, is_ia)
VALUES (
  'msg_miofascial_0_1',
  'liberacao-miofascial-lipedema',
  'post_miofascial_1',
  'ghost_carlos_almeida',
  'Carlos Almeida',
  'Já passei por isso… cara ja passei por isso tb... é frustrante demais mas nao desiste',
  '2026-02-04T11:08:36.748Z'::timestamptz,
  '2026-02-04T11:08:36.748Z'::timestamptz,
  false
) ON CONFLICT (id) DO NOTHING;

INSERT INTO nfc_chat_messages (id, comunidade_slug, post_id, author_id, author_name, content, created_at, updated_at, is_ia)
VALUES (
  'msg_miofascial_0_2',
  'liberacao-miofascial-lipedema',
  'post_miofascial_1',
  'ghost_andre_active',
  'André Souza',
  'tenta aumentar a proteina pra 1.6-2g por kg. comigo funcionou',
  '2026-02-04T11:53:36.748Z'::timestamptz,
  '2026-02-04T11:53:36.748Z'::timestamptz,
  false
) ON CONFLICT (id) DO NOTHING;

INSERT INTO nfc_chat_messages (id, comunidade_slug, post_id, author_id, author_name, content, created_at, updated_at, is_ia)
VALUES (
  'msg_miofascial_0_3',
  'liberacao-miofascial-lipedema',
  'post_miofascial_1',
  'ghost_rafaelcosta',
  'Rafael Costa',
  'tenta aumentar a proteina pra 1.6-2g por kg. comigo funcionou',
  '2026-02-04T12:09:36.748Z'::timestamptz,
  '2026-02-04T12:09:36.748Z'::timestamptz,
  false
) ON CONFLICT (id) DO NOTHING;

INSERT INTO nfc_chat_messages (id, comunidade_slug, post_id, author_id, author_name, content, created_at, updated_at, is_ia)
VALUES (
  'msg_miofascial_1_0',
  'liberacao-miofascial-lipedema',
  'post_miofascial_2',
  'ghost_rafael_soares',
  'Rafael Soares',
  'normal isso no começo... depois melhora',
  '2026-02-05T10:29:36.748Z'::timestamptz,
  '2026-02-05T10:29:36.748Z'::timestamptz,
  false
) ON CONFLICT (id) DO NOTHING;

INSERT INTO nfc_chat_messages (id, comunidade_slug, post_id, author_id, author_name, content, created_at, updated_at, is_ia)
VALUES (
  'msg_miofascial_1_1',
  'liberacao-miofascial-lipedema',
  'post_miofascial_2',
  'ghost_fernando_alves',
  'Fernando Alves',
  'Cara, comigo foi assim… to na mesma situacao q vc. vamos junto!',
  '2026-02-05T10:34:36.748Z'::timestamptz,
  '2026-02-05T10:34:36.748Z'::timestamptz,
  false
) ON CONFLICT (id) DO NOTHING;

INSERT INTO nfc_chat_messages (id, comunidade_slug, post_id, author_id, author_name, content, created_at, updated_at, is_ia)
VALUES (
  'msg_miofascial_1_2',
  'liberacao-miofascial-lipedema',
  'post_miofascial_2',
  'ghost_andre_saude',
  'André Alves',
  'no meu caso demorou uns 2 meses pra ver resultado. paciencia',
  '2026-02-05T11:02:36.748Z'::timestamptz,
  '2026-02-05T11:02:36.748Z'::timestamptz,
  false
) ON CONFLICT (id) DO NOTHING;

INSERT INTO nfc_chat_messages (id, comunidade_slug, post_id, author_id, author_name, content, created_at, updated_at, is_ia)
VALUES (
  'msg_miofascial_2_0',
  'liberacao-miofascial-lipedema',
  'post_miofascial_3',
  'ghost_carolina_vieira',
  'Carolina Vieira',
  'to na mesma situacao q vc... vamos junto!',
  '2026-02-06T10:48:36.748Z'::timestamptz,
  '2026-02-06T10:48:36.748Z'::timestamptz,
  false
) ON CONFLICT (id) DO NOTHING;

INSERT INTO nfc_chat_messages (id, comunidade_slug, post_id, author_id, author_name, content, created_at, updated_at, is_ia)
VALUES (
  'msg_miofascial_2_1',
  'liberacao-miofascial-lipedema',
  'post_miofascial_3',
  'ghost_bruno_dias',
  'Bruno Dias',
  'deficit calorico é oq importa no final. pode comer carbo a noite sim',
  '2026-02-06T11:14:36.748Z'::timestamptz,
  '2026-02-06T11:14:36.748Z'::timestamptz,
  false
) ON CONFLICT (id) DO NOTHING;

INSERT INTO nfc_chat_messages (id, comunidade_slug, post_id, author_id, author_name, content, created_at, updated_at, is_ia)
VALUES (
  'msg_miofascial_2_2',
  'liberacao-miofascial-lipedema',
  'post_miofascial_3',
  'ghost_rafaela63',
  'Rafaela Oliveira',
  'Não sou especialista, mas… experimenta treinar em jejum. pra mim fez diferenca',
  '2026-02-06T11:27:36.748Z'::timestamptz,
  '2026-02-06T11:27:36.748Z'::timestamptz,
  false
) ON CONFLICT (id) DO NOTHING;

INSERT INTO nfc_chat_messages (id, comunidade_slug, post_id, author_id, author_name, content, created_at, updated_at, is_ia)
VALUES (
  'msg_miofascial_2_3',
  'liberacao-miofascial-lipedema',
  'post_miofascial_3',
  'ghost_fernando_alves',
  'Fernando Alves',
  'eu fazia assim tb e não dava resultado. mudei pra X e melhorou',
  '2026-02-06T11:53:36.748Z'::timestamptz,
  '2026-02-06T11:53:36.748Z'::timestamptz,
  false
) ON CONFLICT (id) DO NOTHING;

INSERT INTO nfc_chat_messages (id, comunidade_slug, post_id, author_id, author_name, content, created_at, updated_at, is_ia)
VALUES (
  'msg_miofascial_2_4',
  'liberacao-miofascial-lipedema',
  'post_miofascial_3',
  'ghost_henrique0',
  'Henrique Lima',
  'deficit calorico é oq importa no final. pode comer carbo a noite sim',
  '2026-02-06T12:21:36.748Z'::timestamptz,
  '2026-02-06T12:21:36.748Z'::timestamptz,
  false
) ON CONFLICT (id) DO NOTHING;

INSERT INTO nfc_chat_messages (id, comunidade_slug, post_id, author_id, author_name, content, created_at, updated_at, is_ia)
VALUES (
  'msg_miofascial_2_5',
  'liberacao-miofascial-lipedema',
  'post_miofascial_3',
  'ghost_rafaela22',
  'Rafaela Fernandes',
  'eu fazia assim tb e não dava resultado. mudei pra X e melhorou',
  '2026-02-06T12:50:36.748Z'::timestamptz,
  '2026-02-06T12:50:36.748Z'::timestamptz,
  false
) ON CONFLICT (id) DO NOTHING;

INSERT INTO nfc_chat_messages (id, comunidade_slug, post_id, author_id, author_name, content, created_at, updated_at, is_ia)
VALUES (
  'msg_miofascial_2_6',
  'liberacao-miofascial-lipedema',
  'post_miofascial_3',
  'ghost_caiolopes',
  'Caio Lopes',
  'proteina: 1.6-2.2g/kg. mais q isso não agrega. estudos mostram',
  '2026-02-06T13:14:36.748Z'::timestamptz,
  '2026-02-06T13:14:36.748Z'::timestamptz,
  false
) ON CONFLICT (id) DO NOTHING;

INSERT INTO nfc_chat_messages (id, comunidade_slug, post_id, author_id, author_name, content, created_at, updated_at, is_ia)
VALUES (
  'msg_miofascial_3_0',
  'liberacao-miofascial-lipedema',
  'post_miofascial_4',
  'ghost_fernando_alves',
  'Fernando Alves',
  'to na mesma situacao q vc. vamos junto!',
  '2026-02-07T10:43:36.748Z'::timestamptz,
  '2026-02-07T10:43:36.748Z'::timestamptz,
  false
) ON CONFLICT (id) DO NOTHING;

INSERT INTO nfc_chat_messages (id, comunidade_slug, post_id, author_id, author_name, content, created_at, updated_at, is_ia)
VALUES (
  'msg_miofascial_3_1',
  'liberacao-miofascial-lipedema',
  'post_miofascial_4',
  'ghost_amanda70',
  'Amanda Ferreira',
  'Eu achava que era frescura, mas… cara ja passei por isso tb... é frustrante demais mas nao desiste',
  '2026-02-07T11:03:36.748Z'::timestamptz,
  '2026-02-07T11:03:36.748Z'::timestamptz,
  false
) ON CONFLICT (id) DO NOTHING;

INSERT INTO nfc_chat_messages (id, comunidade_slug, post_id, author_id, author_name, content, created_at, updated_at, is_ia)
VALUES (
  'msg_miofascial_3_2',
  'liberacao-miofascial-lipedema',
  'post_miofascial_4',
  'ghost_priscila_fernandes',
  'Priscila Fernandes',
  'eu fazia assim tb e não dava resultado. mudei pra X e melhorou',
  '2026-02-07T11:29:36.748Z'::timestamptz,
  '2026-02-07T11:29:36.748Z'::timestamptz,
  false
) ON CONFLICT (id) DO NOTHING;

INSERT INTO nfc_chat_messages (id, comunidade_slug, post_id, author_id, author_name, content, created_at, updated_at, is_ia)
VALUES (
  'msg_miofascial_4_0',
  'liberacao-miofascial-lipedema',
  'post_miofascial_5',
  'ghost_sabrina_',
  'Sabrina Souza',
  'normal isso no começo. depois melhora',
  '2026-02-08T10:37:36.748Z'::timestamptz,
  '2026-02-08T10:37:36.748Z'::timestamptz,
  false
) ON CONFLICT (id) DO NOTHING;

INSERT INTO nfc_chat_messages (id, comunidade_slug, post_id, author_id, author_name, content, created_at, updated_at, is_ia)
VALUES (
  'msg_miofascial_4_1',
  'liberacao-miofascial-lipedema',
  'post_miofascial_5',
  'ghost_felipe_martins',
  'Felipe Martins',
  'passei anos fazendo errado. quando corrigi a tecnica mudou tudo',
  '2026-02-08T11:22:36.748Z'::timestamptz,
  '2026-02-08T11:22:36.748Z'::timestamptz,
  false
) ON CONFLICT (id) DO NOTHING;

INSERT INTO nfc_chat_messages (id, comunidade_slug, post_id, author_id, author_name, content, created_at, updated_at, is_ia)
VALUES (
  'msg_miofascial_4_2',
  'liberacao-miofascial-lipedema',
  'post_miofascial_5',
  'ghost_carolinalopes',
  'Carolina Lopes',
  'passei anos fazendo errado. quando corrigi a tecnica mudou tudo',
  '2026-02-08T11:34:36.748Z'::timestamptz,
  '2026-02-08T11:34:36.748Z'::timestamptz,
  false
) ON CONFLICT (id) DO NOTHING;

-- ✅ Arena 7 importada!
