-- ════════════════════════════════════════════════════════
-- ARENA 8: Desvio de Bacia
-- ════════════════════════════════════════════════════════

-- Ghost Users (21)
INSERT INTO "User" (id, email, name, username, avatar_url, bio, is_ghost_user, "createdAt", "updatedAt")
VALUES (
  'ghost_amandaalves',
  'amandaalves@outlook.com',
  'Amanda Alves',
  'amandaalves',
  'https://api.dicebear.com/7.x/avataaars/svg?seed=amandaalves',
  'Começando agora. Objetivo: definir.',
  true,
  NOW(),
  NOW()
) ON CONFLICT (id) DO NOTHING;

INSERT INTO "User" (id, email, name, username, avatar_url, bio, is_ghost_user, "createdAt", "updatedAt")
VALUES (
  'ghost_patricia4',
  'patricia4@gmail.com',
  'Patricia Barbosa',
  'patricia4',
  'https://api.dicebear.com/7.x/avataaars/svg?seed=patricia4',
  'Curtindo o processo.',
  true,
  NOW(),
  NOW()
) ON CONFLICT (id) DO NOTHING;

INSERT INTO "User" (id, email, name, username, avatar_url, bio, is_ghost_user, "createdAt", "updatedAt")
VALUES (
  'ghost_priscila_fernandes',
  'priscila_fernandes@hotmail.com',
  'Priscila Fernandes',
  'priscila_fernandes',
  'https://api.dicebear.com/7.x/avataaars/svg?seed=priscila_fernandes',
  'Iniciante tentando melhorar postura.',
  true,
  NOW(),
  NOW()
) ON CONFLICT (id) DO NOTHING;

INSERT INTO "User" (id, email, name, username, avatar_url, bio, is_ghost_user, "createdAt", "updatedAt")
VALUES (
  'ghost_matheus93',
  'matheus93@hotmail.com',
  'Matheus Carvalho',
  'matheus93',
  'https://api.dicebear.com/7.x/avataaars/svg?seed=matheus93',
  'Novato, qualquer dica ajuda!',
  true,
  NOW(),
  NOW()
) ON CONFLICT (id) DO NOTHING;

INSERT INTO "User" (id, email, name, username, avatar_url, bio, is_ghost_user, "createdAt", "updatedAt")
VALUES (
  'ghost_marianacastro',
  'marianacastro@hotmail.com',
  'Mariana Castro',
  'marianacastro',
  'https://api.dicebear.com/7.x/avataaars/svg?seed=marianacastro',
  'Começando agora. Objetivo: melhorar condicionamento.',
  true,
  NOW(),
  NOW()
) ON CONFLICT (id) DO NOTHING;

INSERT INTO "User" (id, email, name, username, avatar_url, bio, is_ghost_user, "createdAt", "updatedAt")
VALUES (
  'ghost_andre_active',
  'andre_active@hotmail.com',
  'André Souza',
  'andre_active',
  'https://api.dicebear.com/7.x/avataaars/svg?seed=andre_active',
  'Começando agora. Objetivo: definir.',
  true,
  NOW(),
  NOW()
) ON CONFLICT (id) DO NOTHING;

INSERT INTO "User" (id, email, name, username, avatar_url, bio, is_ghost_user, "createdAt", "updatedAt")
VALUES (
  'ghost_priscilaferreira',
  'priscilaferreira@hotmail.com',
  'Priscila Ferreira',
  'priscilaferreira',
  'https://api.dicebear.com/7.x/avataaars/svg?seed=priscilaferreira',
  'Começando agora. Objetivo: voltar a treinar.',
  true,
  NOW(),
  NOW()
) ON CONFLICT (id) DO NOTHING;

INSERT INTO "User" (id, email, name, username, avatar_url, bio, is_ghost_user, "createdAt", "updatedAt")
VALUES (
  'ghost_luciana_',
  'luciana_@outlook.com',
  'Luciana Rodrigues',
  'luciana_',
  'https://api.dicebear.com/7.x/avataaars/svg?seed=luciana_',
  'Curtindo o processo.',
  true,
  NOW(),
  NOW()
) ON CONFLICT (id) DO NOTHING;

INSERT INTO "User" (id, email, name, username, avatar_url, bio, is_ghost_user, "createdAt", "updatedAt")
VALUES (
  'ghost_jessica19',
  'jessica19@hotmail.com',
  'Jessica Barbosa',
  'jessica19',
  'https://api.dicebear.com/7.x/avataaars/svg?seed=jessica19',
  'Iniciante tentando melhorar postura.',
  true,
  NOW(),
  NOW()
) ON CONFLICT (id) DO NOTHING;

INSERT INTO "User" (id, email, name, username, avatar_url, bio, is_ghost_user, "createdAt", "updatedAt")
VALUES (
  'ghost_carolinalopes',
  'carolinalopes@yahoo.com.br',
  'Carolina Lopes',
  'carolinalopes',
  'https://api.dicebear.com/7.x/avataaars/svg?seed=carolinalopes',
  'Apaixonado por treino.',
  true,
  NOW(),
  NOW()
) ON CONFLICT (id) DO NOTHING;

INSERT INTO "User" (id, email, name, username, avatar_url, bio, is_ghost_user, "createdAt", "updatedAt")
VALUES (
  'ghost_henrique0',
  'henrique0@yahoo.com.br',
  'Henrique Lima',
  'henrique0',
  'https://api.dicebear.com/7.x/avataaars/svg?seed=henrique0',
  'Intermediário buscando melhorar postura.',
  true,
  NOW(),
  NOW()
) ON CONFLICT (id) DO NOTHING;

INSERT INTO "User" (id, email, name, username, avatar_url, bio, is_ghost_user, "createdAt", "updatedAt")
VALUES (
  'ghost_rafaelcosta',
  'rafaelcosta@outlook.com',
  'Rafael Costa',
  'rafaelcosta',
  'https://api.dicebear.com/7.x/avataaars/svg?seed=rafaelcosta',
  'Intermediário buscando ficar saudável.',
  true,
  NOW(),
  NOW()
) ON CONFLICT (id) DO NOTHING;

INSERT INTO "User" (id, email, name, username, avatar_url, bio, is_ghost_user, "createdAt", "updatedAt")
VALUES (
  'ghost_priscila96',
  'priscila96@hotmail.com',
  'Priscila Souza',
  'priscila96',
  'https://api.dicebear.com/7.x/avataaars/svg?seed=priscila96',
  'Iniciante tentando ganhar massa muscular.',
  true,
  NOW(),
  NOW()
) ON CONFLICT (id) DO NOTHING;

INSERT INTO "User" (id, email, name, username, avatar_url, bio, is_ghost_user, "createdAt", "updatedAt")
VALUES (
  'ghost_leandro_',
  'leandro_@yahoo.com.br',
  'Leandro Costa',
  'leandro_',
  'https://api.dicebear.com/7.x/avataaars/svg?seed=leandro_',
  'Baseio tudo em evidência.',
  true,
  NOW(),
  NOW()
) ON CONFLICT (id) DO NOTHING;

INSERT INTO "User" (id, email, name, username, avatar_url, bio, is_ghost_user, "createdAt", "updatedAt")
VALUES (
  'ghost_carlossilva',
  'carlossilva@hotmail.com',
  'Carlos Silva',
  'carlossilva',
  'https://api.dicebear.com/7.x/avataaars/svg?seed=carlossilva',
  'Novato, qualquer dica ajuda!',
  true,
  NOW(),
  NOW()
) ON CONFLICT (id) DO NOTHING;

INSERT INTO "User" (id, email, name, username, avatar_url, bio, is_ghost_user, "createdAt", "updatedAt")
VALUES (
  'ghost_fernanda_soares',
  'fernanda_soares@hotmail.com',
  'Fernanda Soares',
  'fernanda_soares',
  'https://api.dicebear.com/7.x/avataaars/svg?seed=fernanda_soares',
  'Voltando a treinar depois de muito tempo parado.',
  true,
  NOW(),
  NOW()
) ON CONFLICT (id) DO NOTHING;

INSERT INTO "User" (id, email, name, username, avatar_url, bio, is_ghost_user, "createdAt", "updatedAt")
VALUES (
  'ghost_bruno_dias',
  'bruno_dias@gmail.com',
  'Bruno Dias',
  'bruno_dias',
  'https://api.dicebear.com/7.x/avataaars/svg?seed=bruno_dias',
  'Treino regular, ainda aprendendo.',
  true,
  NOW(),
  NOW()
) ON CONFLICT (id) DO NOTHING;

INSERT INTO "User" (id, email, name, username, avatar_url, bio, is_ghost_user, "createdAt", "updatedAt")
VALUES (
  'ghost_matheus_castro',
  'matheus_castro@hotmail.com',
  'Matheus Castro',
  'matheus_castro',
  'https://api.dicebear.com/7.x/avataaars/svg?seed=matheus_castro',
  'Iniciante tentando emagrecer.',
  true,
  NOW(),
  NOW()
) ON CONFLICT (id) DO NOTHING;

INSERT INTO "User" (id, email, name, username, avatar_url, bio, is_ghost_user, "createdAt", "updatedAt")
VALUES (
  'ghost_gabriela_rocha',
  'gabriela_rocha@outlook.com',
  'Gabriela Rocha',
  'gabriela_rocha',
  'https://api.dicebear.com/7.x/avataaars/svg?seed=gabriela_rocha',
  'Novato, qualquer dica ajuda!',
  true,
  NOW(),
  NOW()
) ON CONFLICT (id) DO NOTHING;

INSERT INTO "User" (id, email, name, username, avatar_url, bio, is_ghost_user, "createdAt", "updatedAt")
VALUES (
  'ghost_amanda_rodrigues',
  'amanda_rodrigues@hotmail.com',
  'Amanda Rodrigues',
  'amanda_rodrigues',
  'https://api.dicebear.com/7.x/avataaars/svg?seed=amanda_rodrigues',
  'Novato, qualquer dica ajuda!',
  true,
  NOW(),
  NOW()
) ON CONFLICT (id) DO NOTHING;

INSERT INTO "User" (id, email, name, username, avatar_url, bio, is_ghost_user, "createdAt", "updatedAt")
VALUES (
  'ghost_fernanda16',
  'fernanda16@gmail.com',
  'Fernanda Nascimento',
  'fernanda16',
  'https://api.dicebear.com/7.x/avataaars/svg?seed=fernanda16',
  'Iniciante tentando melhorar condicionamento.',
  true,
  NOW(),
  NOW()
) ON CONFLICT (id) DO NOTHING;

-- Threads (5)
INSERT INTO "Post" (id, "arenaId", "userId", content, "isPublished", "createdAt", "updatedAt")
VALUES (
  'post_desvio_bacia_1',
  'arena_desvio_bacia',
  'ghost_amandaalves',
  'descobri que nao era gordura era postura

anos fazendo dieta achando q tinha gordura localizada. descobri q era desvio de bacia. quando corrigi a postura mudou tudo',
  true,
  '2026-02-04T10:23:36.749Z'::timestamptz,
  '2026-02-04T10:23:36.749Z'::timestamptz
) ON CONFLICT (id) DO NOTHING;

INSERT INTO "Post" (id, "arenaId", "userId", content, "isPublished", "createdAt", "updatedAt")
VALUES (
  'post_desvio_bacia_2',
  'arena_desvio_bacia',
  'ghost_priscila_fernandes',
  'Já passei por isso… desvio de bacia engorda?

No meu caso… tenho desvio de bacia e sempre tive barriga. será q tem relação ou é coincidência?',
  true,
  '2026-02-05T10:23:36.749Z'::timestamptz,
  '2026-02-05T10:23:36.749Z'::timestamptz
) ON CONFLICT (id) DO NOTHING;

INSERT INTO "Post" (id, "arenaId", "userId", content, "isPublished", "createdAt", "updatedAt")
VALUES (
  'post_desvio_bacia_3',
  'arena_desvio_bacia',
  'ghost_luciana_',
  'minha barriga mudou sem emagrecer

trabalhei correção postural por 3 meses. balança não mudou mas minha barriga diminuiu visivelmente. é impressionante',
  true,
  '2026-02-06T10:23:36.749Z'::timestamptz,
  '2026-02-06T10:23:36.749Z'::timestamptz
) ON CONFLICT (id) DO NOTHING;

INSERT INTO "Post" (id, "arenaId", "userId", content, "isPublished", "createdAt", "updatedAt")
VALUES (
  'post_desvio_bacia_4',
  'arena_desvio_bacia',
  'ghost_carlossilva',
  'Cara, comigo foi assim… como saber se tenho desvio de bacia?

nao sou especialista. mas… como eu sei se tenho desvio de bacia? tem algum teste simples que posso fazer sozinha ou precisa de profissional?',
  true,
  '2026-02-07T10:23:36.749Z'::timestamptz,
  '2026-02-07T10:23:36.749Z'::timestamptz
) ON CONFLICT (id) DO NOTHING;

INSERT INTO "Post" (id, "arenaId", "userId", content, "isPublished", "createdAt", "updatedAt")
VALUES (
  'post_desvio_bacia_5',
  'arena_desvio_bacia',
  'ghost_matheus_castro',
  'nao sou especialista, mas… descobri que nao era gordura era postura

anos fazendo dieta achando q tinha gordura localizada. descobri q era desvio de bacia. quando corrigi a postura mudou tudo',
  true,
  '2026-02-08T10:23:36.749Z'::timestamptz,
  '2026-02-08T10:23:36.749Z'::timestamptz
) ON CONFLICT (id) DO NOTHING;

-- Mensagens (28)
INSERT INTO nfc_chat_messages (id, comunidade_slug, post_id, author_id, author_name, content, created_at, updated_at, is_ia)
VALUES (
  'msg_desvio_bacia_0_0',
  'desvio-bacia-gordura',
  'post_desvio_bacia_1',
  'ghost_patricia4',
  'Patricia Barbosa',
  'no meu caso demorou uns 2 meses pra ver resultado. paciencia',
  '2026-02-04T10:37:36.749Z'::timestamptz,
  '2026-02-04T10:37:36.749Z'::timestamptz,
  false
) ON CONFLICT (id) DO NOTHING;

INSERT INTO nfc_chat_messages (id, comunidade_slug, post_id, author_id, author_name, content, created_at, updated_at, is_ia)
VALUES (
  'msg_desvio_bacia_0_1',
  'desvio-bacia-gordura',
  'post_desvio_bacia_1',
  'ghost_priscila_fernandes',
  'Priscila Fernandes',
  'No meu caso… to na mesma situacao q vc. vamos junto!',
  '2026-02-04T10:47:36.749Z'::timestamptz,
  '2026-02-04T10:47:36.749Z'::timestamptz,
  false
) ON CONFLICT (id) DO NOTHING;

INSERT INTO nfc_chat_messages (id, comunidade_slug, post_id, author_id, author_name, content, created_at, updated_at, is_ia)
VALUES (
  'msg_desvio_bacia_0_2',
  'desvio-bacia-gordura',
  'post_desvio_bacia_1',
  'ghost_matheus93',
  'Matheus Carvalho',
  'comigo tb foi assim. levou uns 3 meses pra pegar o jeito',
  '2026-02-04T11:09:36.749Z'::timestamptz,
  '2026-02-04T11:09:36.749Z'::timestamptz,
  false
) ON CONFLICT (id) DO NOTHING;

INSERT INTO nfc_chat_messages (id, comunidade_slug, post_id, author_id, author_name, content, created_at, updated_at, is_ia)
VALUES (
  'msg_desvio_bacia_0_3',
  'desvio-bacia-gordura',
  'post_desvio_bacia_1',
  'ghost_marianacastro',
  'Mariana Castro',
  'cara ja passei por isso tb... é frustrante demais mas nao desiste',
  '2026-02-04T11:29:36.749Z'::timestamptz,
  '2026-02-04T11:29:36.749Z'::timestamptz,
  false
) ON CONFLICT (id) DO NOTHING;

INSERT INTO nfc_chat_messages (id, comunidade_slug, post_id, author_id, author_name, content, created_at, updated_at, is_ia)
VALUES (
  'msg_desvio_bacia_0_4',
  'desvio-bacia-gordura',
  'post_desvio_bacia_1',
  'ghost_andre_active',
  'André Souza',
  'tem evidencia disso? pq tudo q eu li fala o contrario',
  '2026-02-04T11:41:36.749Z'::timestamptz,
  '2026-02-04T11:41:36.749Z'::timestamptz,
  false
) ON CONFLICT (id) DO NOTHING;

INSERT INTO nfc_chat_messages (id, comunidade_slug, post_id, author_id, author_name, content, created_at, updated_at, is_ia)
VALUES (
  'msg_desvio_bacia_0_5',
  'desvio-bacia-gordura',
  'post_desvio_bacia_1',
  'ghost_priscila_fernandes',
  'Priscila Fernandes',
  'comigo tb foi assim. levou uns 3 meses pra pegar o jeito',
  '2026-02-04T12:26:36.749Z'::timestamptz,
  '2026-02-04T12:26:36.749Z'::timestamptz,
  false
) ON CONFLICT (id) DO NOTHING;

INSERT INTO nfc_chat_messages (id, comunidade_slug, post_id, author_id, author_name, content, created_at, updated_at, is_ia)
VALUES (
  'msg_desvio_bacia_0_6',
  'desvio-bacia-gordura',
  'post_desvio_bacia_1',
  'ghost_priscilaferreira',
  'Priscila Ferreira',
  'Cara, comigo foi assim… comigo tb foi assim... levou uns 3 meses pra pegar o jeito',
  '2026-02-04T12:49:36.749Z'::timestamptz,
  '2026-02-04T12:49:36.749Z'::timestamptz,
  false
) ON CONFLICT (id) DO NOTHING;

INSERT INTO nfc_chat_messages (id, comunidade_slug, post_id, author_id, author_name, content, created_at, updated_at, is_ia)
VALUES (
  'msg_desvio_bacia_1_0',
  'desvio-bacia-gordura',
  'post_desvio_bacia_2',
  'ghost_luciana_',
  'Luciana Rodrigues',
  'diminui o peso e foca na tecnica primeiro. melhor fazer bem feito do q jogar peso',
  '2026-02-05T10:34:36.749Z'::timestamptz,
  '2026-02-05T10:34:36.749Z'::timestamptz,
  false
) ON CONFLICT (id) DO NOTHING;

INSERT INTO nfc_chat_messages (id, comunidade_slug, post_id, author_id, author_name, content, created_at, updated_at, is_ia)
VALUES (
  'msg_desvio_bacia_1_1',
  'desvio-bacia-gordura',
  'post_desvio_bacia_2',
  'ghost_jessica19',
  'Jessica Barbosa',
  'tenta aumentar a proteina pra 1.6-2g por kg. comigo funcionou',
  '2026-02-05T10:49:36.749Z'::timestamptz,
  '2026-02-05T10:49:36.749Z'::timestamptz,
  false
) ON CONFLICT (id) DO NOTHING;

INSERT INTO nfc_chat_messages (id, comunidade_slug, post_id, author_id, author_name, content, created_at, updated_at, is_ia)
VALUES (
  'msg_desvio_bacia_1_2',
  'desvio-bacia-gordura',
  'post_desvio_bacia_2',
  'ghost_carolinalopes',
  'Carolina Lopes',
  'cara ja passei por isso tb... é frustrante demais mas nao desiste',
  '2026-02-05T11:13:36.749Z'::timestamptz,
  '2026-02-05T11:13:36.749Z'::timestamptz,
  false
) ON CONFLICT (id) DO NOTHING;

INSERT INTO nfc_chat_messages (id, comunidade_slug, post_id, author_id, author_name, content, created_at, updated_at, is_ia)
VALUES (
  'msg_desvio_bacia_1_3',
  'desvio-bacia-gordura',
  'post_desvio_bacia_2',
  'ia_facilitadora',
  'NutriFit Coach',
  'Excelente relato. Alinhamento pelvico muda a projecao do abdomen e a silhueta geral, mesmo sem perder gordura. Vcs mediram antes e depois da correcao?',
  '2026-02-05T11:31:36.749Z'::timestamptz,
  '2026-02-05T11:31:36.749Z'::timestamptz,
  true
) ON CONFLICT (id) DO NOTHING;

INSERT INTO nfc_chat_messages (id, comunidade_slug, post_id, author_id, author_name, content, created_at, updated_at, is_ia)
VALUES (
  'msg_desvio_bacia_2_0',
  'desvio-bacia-gordura',
  'post_desvio_bacia_3',
  'ghost_henrique0',
  'Henrique Lima',
  'no meu caso demorou uns 2 meses pra ver resultado. paciencia',
  '2026-02-06T10:37:36.749Z'::timestamptz,
  '2026-02-06T10:37:36.749Z'::timestamptz,
  false
) ON CONFLICT (id) DO NOTHING;

INSERT INTO nfc_chat_messages (id, comunidade_slug, post_id, author_id, author_name, content, created_at, updated_at, is_ia)
VALUES (
  'msg_desvio_bacia_2_1',
  'desvio-bacia-gordura',
  'post_desvio_bacia_3',
  'ghost_rafaelcosta',
  'Rafael Costa',
  'eu tive q mudar 3x o treino ate achar oq funciona pra mim',
  '2026-02-06T11:20:36.749Z'::timestamptz,
  '2026-02-06T11:20:36.749Z'::timestamptz,
  false
) ON CONFLICT (id) DO NOTHING;

INSERT INTO nfc_chat_messages (id, comunidade_slug, post_id, author_id, author_name, content, created_at, updated_at, is_ia)
VALUES (
  'msg_desvio_bacia_2_2',
  'desvio-bacia-gordura',
  'post_desvio_bacia_3',
  'ghost_priscila96',
  'Priscila Souza',
  'No meu caso… to na mesma situacao q vc. vamos junto!',
  '2026-02-06T11:31:36.749Z'::timestamptz,
  '2026-02-06T11:31:36.749Z'::timestamptz,
  false
) ON CONFLICT (id) DO NOTHING;

INSERT INTO nfc_chat_messages (id, comunidade_slug, post_id, author_id, author_name, content, created_at, updated_at, is_ia)
VALUES (
  'msg_desvio_bacia_2_3',
  'desvio-bacia-gordura',
  'post_desvio_bacia_3',
  'ghost_leandro_',
  'Leandro Costa',
  'essa crença de metabolismo lento é mito. CICO funciona pra todo mundo',
  '2026-02-06T12:03:36.749Z'::timestamptz,
  '2026-02-06T12:03:36.749Z'::timestamptz,
  false
) ON CONFLICT (id) DO NOTHING;

INSERT INTO nfc_chat_messages (id, comunidade_slug, post_id, author_id, author_name, content, created_at, updated_at, is_ia)
VALUES (
  'msg_desvio_bacia_2_4',
  'desvio-bacia-gordura',
  'post_desvio_bacia_3',
  'ghost_andre_active',
  'André Souza',
  'Não sou especialista, mas… normal isso no começo... depois melhora',
  '2026-02-06T12:32:36.749Z'::timestamptz,
  '2026-02-06T12:32:36.749Z'::timestamptz,
  false
) ON CONFLICT (id) DO NOTHING;

INSERT INTO nfc_chat_messages (id, comunidade_slug, post_id, author_id, author_name, content, created_at, updated_at, is_ia)
VALUES (
  'msg_desvio_bacia_3_0',
  'desvio-bacia-gordura',
  'post_desvio_bacia_4',
  'ghost_matheus93',
  'Matheus Carvalho',
  'experimenta treinar em jejum. pra mim fez diferenca',
  '2026-02-07T10:56:36.749Z'::timestamptz,
  '2026-02-07T10:56:36.749Z'::timestamptz,
  false
) ON CONFLICT (id) DO NOTHING;

INSERT INTO nfc_chat_messages (id, comunidade_slug, post_id, author_id, author_name, content, created_at, updated_at, is_ia)
VALUES (
  'msg_desvio_bacia_3_1',
  'desvio-bacia-gordura',
  'post_desvio_bacia_4',
  'ghost_fernanda_soares',
  'Fernanda Soares',
  'experimenta treinar em jejum. pra mim fez diferenca',
  '2026-02-07T11:11:36.749Z'::timestamptz,
  '2026-02-07T11:11:36.749Z'::timestamptz,
  false
) ON CONFLICT (id) DO NOTHING;

INSERT INTO nfc_chat_messages (id, comunidade_slug, post_id, author_id, author_name, content, created_at, updated_at, is_ia)
VALUES (
  'msg_desvio_bacia_3_2',
  'desvio-bacia-gordura',
  'post_desvio_bacia_4',
  'ghost_priscilaferreira',
  'Priscila Ferreira',
  'to na mesma situacao q vc. vamos junto!',
  '2026-02-07T11:28:36.749Z'::timestamptz,
  '2026-02-07T11:28:36.749Z'::timestamptz,
  false
) ON CONFLICT (id) DO NOTHING;

INSERT INTO nfc_chat_messages (id, comunidade_slug, post_id, author_id, author_name, content, created_at, updated_at, is_ia)
VALUES (
  'msg_desvio_bacia_3_3',
  'desvio-bacia-gordura',
  'post_desvio_bacia_4',
  'ghost_bruno_dias',
  'Bruno Dias',
  'no meu caso demorou uns 2 meses pra ver resultado. paciencia',
  '2026-02-07T11:48:36.749Z'::timestamptz,
  '2026-02-07T11:48:36.749Z'::timestamptz,
  false
) ON CONFLICT (id) DO NOTHING;

INSERT INTO nfc_chat_messages (id, comunidade_slug, post_id, author_id, author_name, content, created_at, updated_at, is_ia)
VALUES (
  'msg_desvio_bacia_3_4',
  'desvio-bacia-gordura',
  'post_desvio_bacia_4',
  'ghost_leandro_',
  'Leandro Costa',
  'to na mesma situacao q vc. vamos junto!',
  '2026-02-07T11:54:36.749Z'::timestamptz,
  '2026-02-07T11:54:36.749Z'::timestamptz,
  false
) ON CONFLICT (id) DO NOTHING;

INSERT INTO nfc_chat_messages (id, comunidade_slug, post_id, author_id, author_name, content, created_at, updated_at, is_ia)
VALUES (
  'msg_desvio_bacia_4_0',
  'desvio-bacia-gordura',
  'post_desvio_bacia_5',
  'ghost_gabriela_rocha',
  'Gabriela Rocha',
  'discordo. no meu caso foi totalmente diferente',
  '2026-02-08T11:00:36.749Z'::timestamptz,
  '2026-02-08T11:00:36.749Z'::timestamptz,
  false
) ON CONFLICT (id) DO NOTHING;

INSERT INTO nfc_chat_messages (id, comunidade_slug, post_id, author_id, author_name, content, created_at, updated_at, is_ia)
VALUES (
  'msg_desvio_bacia_4_1',
  'desvio-bacia-gordura',
  'post_desvio_bacia_5',
  'ghost_amanda_rodrigues',
  'Amanda Rodrigues',
  'cara ja passei por isso tb... é frustrante demais mas nao desiste',
  '2026-02-08T11:28:36.749Z'::timestamptz,
  '2026-02-08T11:28:36.749Z'::timestamptz,
  false
) ON CONFLICT (id) DO NOTHING;

INSERT INTO nfc_chat_messages (id, comunidade_slug, post_id, author_id, author_name, content, created_at, updated_at, is_ia)
VALUES (
  'msg_desvio_bacia_4_2',
  'desvio-bacia-gordura',
  'post_desvio_bacia_5',
  'ghost_carolinalopes',
  'Carolina Lopes',
  'no meu caso demorou uns 2 meses pra ver resultado... paciencia',
  '2026-02-08T11:40:36.749Z'::timestamptz,
  '2026-02-08T11:40:36.749Z'::timestamptz,
  false
) ON CONFLICT (id) DO NOTHING;

INSERT INTO nfc_chat_messages (id, comunidade_slug, post_id, author_id, author_name, content, created_at, updated_at, is_ia)
VALUES (
  'msg_desvio_bacia_4_3',
  'desvio-bacia-gordura',
  'post_desvio_bacia_5',
  'ghost_jessica19',
  'Jessica Barbosa',
  'normal isso no começo. depois melhora',
  '2026-02-08T12:03:36.749Z'::timestamptz,
  '2026-02-08T12:03:36.749Z'::timestamptz,
  false
) ON CONFLICT (id) DO NOTHING;

INSERT INTO nfc_chat_messages (id, comunidade_slug, post_id, author_id, author_name, content, created_at, updated_at, is_ia)
VALUES (
  'msg_desvio_bacia_4_4',
  'desvio-bacia-gordura',
  'post_desvio_bacia_5',
  'ghost_gabriela_rocha',
  'Gabriela Rocha',
  'cara ja passei por isso tb... é frustrante demais mas nao desiste',
  '2026-02-08T12:30:36.749Z'::timestamptz,
  '2026-02-08T12:30:36.749Z'::timestamptz,
  false
) ON CONFLICT (id) DO NOTHING;

INSERT INTO nfc_chat_messages (id, comunidade_slug, post_id, author_id, author_name, content, created_at, updated_at, is_ia)
VALUES (
  'msg_desvio_bacia_4_5',
  'desvio-bacia-gordura',
  'post_desvio_bacia_5',
  'ghost_fernanda16',
  'Fernanda Nascimento',
  'nao sou especialista, mas… essa crença de metabolismo lento é mito. CICO funciona pra todo mundo',
  '2026-02-08T12:36:36.749Z'::timestamptz,
  '2026-02-08T12:36:36.749Z'::timestamptz,
  false
) ON CONFLICT (id) DO NOTHING;

INSERT INTO nfc_chat_messages (id, comunidade_slug, post_id, author_id, author_name, content, created_at, updated_at, is_ia)
VALUES (
  'msg_desvio_bacia_4_6',
  'desvio-bacia-gordura',
  'post_desvio_bacia_5',
  'ia_facilitadora',
  'NutriFit Coach',
  'Já passei por isso… Interessante debate sobre profissional. Idealmente fisio avalia e corrige, personal fortalece os padroes corretos. Os dois juntos é melhor. Qual caminho vcs seguiram?',
  '2026-02-08T13:05:36.749Z'::timestamptz,
  '2026-02-08T13:05:36.749Z'::timestamptz,
  true
) ON CONFLICT (id) DO NOTHING;

-- ✅ Arena 8 importada!
